TIME,ETemp,STemp,GTemp,CH1,CH2,CH3,GPS
2021-02-25 00:00:00,43.61,42.33,-49.08,20719.09,1025.20,51123.30,13
2021-02-25 00:01:00,43.60,42.35,-49.10,20718.68,1027.56,51123.63,13
2021-02-25 00:02:00,43.59,42.34,-49.08,20718.40,1029.35,51124.02,13
2021-02-25 00:03:00,43.61,42.34,-49.08,20718.47,1030.78,51124.53,13
2021-02-25 00:04:00,43.59,42.34,-49.13,20718.64,1030.82,51124.74,13
2021-02-25 00:05:00,43.59,42.33,-49.18,20718.34,1032.36,51125.04,13
2021-02-25 00:06:00,43.58,42.34,-49.14,20719.53,1035.00,51124.92,13
2021-02-25 00:07:00,43.60,42.33,-49.10,20720.18,1034.58,51124.20,13
2021-02-25 00:08:00,43.61,42.33,-49.09,20722.34,1035.28,51123.65,13
2021-02-25 00:09:00,43.61,42.34,-49.05,20724.14,1032.97,51123.06,13
2021-02-25 00:10:00,43.59,42.34,-49.11,20724.30,1030.78,51122.52,13
2021-02-25 00:11:00,43.61,42.34,-49.11,20723.84,1028.39,51121.99,13
2021-02-25 00:12:00,43.58,42.34,-49.14,20723.43,1026.01,51121.78,13
2021-02-25 00:13:00,43.58,42.33,-49.14,20722.58,1025.19,51121.83,13
2021-02-25 00:14:00,43.60,42.33,-49.11,20722.27,1024.86,51121.97,13
2021-02-25 00:15:00,43.59,42.34,-49.13,20720.56,1025.88,51122.25,13
2021-02-25 00:16:00,43.61,42.34,-49.10,20719.28,1026.35,51122.39,13
2021-02-25 00:17:00,43.62,42.34,-49.12,20719.01,1028.41,51122.64,13
2021-02-25 00:18:00,43.60,42.34,-49.08,20719.14,1030.90,51123.29,13
2021-02-25 00:19:00,43.60,42.34,-49.12,20720.24,1032.09,51123.99,13
2021-02-25 00:20:00,43.60,42.34,-49.12,20721.17,1032.20,51124.26,13
2021-02-25 00:21:00,43.60,42.33,-49.07,20720.31,1034.33,51124.44,13
2021-02-25 00:22:00,43.61,42.34,-49.11,20721.05,1033.01,51125.04,13
2021-02-25 00:23:00,43.61,42.33,-49.10,20720.69,1028.58,51125.81,13
2021-02-25 00:24:00,43.61,42.34,-49.09,20720.66,1027.05,51127.53,13
2021-02-25 00:25:00,43.60,42.33,-49.10,20720.57,1027.59,51129.50,13
2021-02-25 00:26:00,43.60,42.35,-49.12,20722.49,1022.12,51131.40,13
2021-02-25 00:27:00,43.61,42.33,-49.09,20719.44,1021.82,51134.01,13
2021-02-25 00:28:00,43.62,42.33,-49.11,20717.55,1021.47,51135.79,13
2021-02-25 00:29:00,43.60,42.34,-49.11,20716.12,1024.95,51137.38,13
2021-02-25 00:30:00,43.59,42.34,-49.11,20713.81,1028.35,51139.03,13
2021-02-25 00:31:00,43.60,42.34,-49.13,20712.49,1030.71,51141.02,13
2021-02-25 00:32:00,43.60,42.35,-49.07,20711.08,1033.37,51144.19,13
2021-02-25 00:33:00,43.60,42.34,-49.17,20709.18,1039.68,51147.26,13
2021-02-25 00:34:00,43.60,42.33,-49.11,20709.46,1046.99,51149.53,13
2021-02-25 00:35:00,43.59,42.32,-49.08,20711.30,1053.41,51151.47,13
2021-02-25 00:36:00,43.60,42.34,-49.11,20712.28,1060.17,51152.25,13
2021-02-25 00:37:00,43.60,42.34,-49.10,20713.88,1065.46,51151.24,13
2021-02-25 00:38:00,43.60,42.34,-49.08,20714.99,1070.46,51148.48,13
2021-02-25 00:39:00,43.59,42.34,-49.09,20717.86,1072.50,51144.65,13
2021-02-25 00:40:00,43.61,42.35,-49.08,20721.36,1071.71,51139.97,13
2021-02-25 00:41:00,43.60,42.34,-49.08,20722.75,1069.67,51136.41,13
2021-02-25 00:42:00,43.61,42.34,-49.11,20724.80,1070.20,51133.38,13
2021-02-25 00:43:00,43.59,42.33,-49.08,20724.11,1066.58,51130.18,13
2021-02-25 00:44:00,43.61,42.34,-49.13,20723.25,1065.82,51127.74,13
2021-02-25 00:45:00,43.60,42.34,-49.10,20728.76,1064.10,51124.32,13
2021-02-25 00:46:00,43.60,42.34,-49.07,20725.33,1071.62,51124.14,13
2021-02-25 00:47:00,43.59,42.34,-49.09,20729.04,1073.28,51123.94,13
2021-02-25 00:48:00,43.60,42.33,-49.09,20728.31,1076.84,51124.37,13
2021-02-25 00:49:00,43.60,42.34,-49.11,20731.45,1083.97,51125.37,13
2021-02-25 00:50:00,43.59,42.34,-49.09,20731.77,1097.50,51127.05,13
2021-02-25 00:51:00,43.60,42.33,-49.11,20735.70,1108.60,51127.81,13
2021-02-25 00:52:00,43.60,42.34,-49.10,20739.29,1117.35,51128.09,13
2021-02-25 00:53:00,43.60,42.34,-49.09,20745.24,1128.80,51126.27,13
2021-02-25 00:54:00,43.60,42.34,-49.10,20754.47,1125.29,51122.84,13
2021-02-25 00:55:00,43.59,42.34,-49.11,20760.69,1126.52,51119.44,13
2021-02-25 00:56:00,43.59,42.34,-49.13,20766.69,1124.35,51115.24,13
2021-02-25 00:57:00,43.60,42.35,-49.10,20773.00,1118.64,51110.49,13
2021-02-25 00:58:00,43.61,42.34,-49.11,20776.01,1108.77,51105.79,13
2021-02-25 00:59:00,43.60,42.34,-49.11,20780.12,1097.77,51101.43,13
2021-02-25 01:00:00,43.61,42.33,-49.15,20779.42,1084.77,51098.28,13
2021-02-25 01:01:00,43.60,42.34,-49.10,20777.09,1076.90,51096.85,13
2021-02-25 01:02:00,43.60,42.33,-49.10,20776.03,1068.78,51095.47,13
2021-02-25 01:03:00,43.60,42.35,-49.11,20771.98,1060.88,51094.84,13
2021-02-25 01:04:00,43.60,42.33,-49.12,20769.24,1054.98,51093.98,13
2021-02-25 01:05:00,43.60,42.33,-49.12,20765.93,1050.17,51093.74,13
2021-02-25 01:06:00,43.60,42.35,-49.10,20762.57,1047.70,51093.91,13
2021-02-25 01:07:00,43.60,42.34,-49.10,20758.73,1045.14,51093.80,13
2021-02-25 01:08:00,43.59,42.34,-49.11,20756.55,1043.55,51093.91,13
2021-02-25 01:09:00,43.62,42.34,-49.12,20754.91,1042.59,51093.54,13
2021-02-25 01:10:00,43.60,42.34,-49.13,20752.90,1040.67,51093.21,13
2021-02-25 01:11:00,43.60,42.34,-49.09,20751.85,1037.64,51092.81,13
2021-02-25 01:12:00,43.60,42.34,-49.06,20750.21,1034.03,51092.55,13
2021-02-25 01:13:00,43.60,42.35,-49.09,20748.25,1030.17,51092.26,13
2021-02-25 01:14:00,43.61,42.33,-49.10,20746.26,1026.79,51092.36,13
2021-02-25 01:15:00,43.61,42.34,-49.11,20743.39,1024.07,51093.17,13
2021-02-25 01:16:00,43.60,42.34,-49.09,20740.78,1023.35,51093.92,13
2021-02-25 01:17:00,43.61,42.34,-49.09,20737.97,1022.78,51094.84,13
2021-02-25 01:18:00,43.60,42.35,-49.11,20735.50,1021.74,51095.98,13
2021-02-25 01:19:00,43.60,42.33,-49.12,20733.98,1020.95,51096.70,13
2021-02-25 01:20:00,43.59,42.34,-49.11,20731.91,1021.33,51097.54,13
2021-02-25 01:21:00,43.59,42.35,-49.10,20730.66,1022.05,51098.35,13
2021-02-25 01:22:00,43.60,42.34,-49.11,20730.58,1021.95,51099.22,13
2021-02-25 01:23:00,43.60,42.33,-49.10,20728.82,1020.96,51100.13,13
2021-02-25 01:24:00,43.60,42.33,-49.10,20726.77,1019.15,51100.30,13
2021-02-25 01:25:00,43.59,42.34,-49.12,20724.56,1018.64,51101.01,13
2021-02-25 01:26:00,43.61,42.35,-49.13,20722.38,1019.96,51101.53,13
2021-02-25 01:27:00,43.61,42.33,-49.07,20719.28,1022.94,51102.90,13
2021-02-25 01:28:00,43.60,42.34,-49.12,20716.57,1027.18,51103.84,13
2021-02-25 01:29:00,43.61,42.34,-49.15,20714.49,1030.59,51104.73,13
2021-02-25 01:30:00,43.60,42.34,-49.10,20714.05,1032.81,51105.74,13
2021-02-25 01:31:00,43.59,42.34,-49.08,20714.53,1034.99,51106.78,13
2021-02-25 01:32:00,43.61,42.34,-49.08,20714.49,1038.34,51107.76,13
2021-02-25 01:33:00,43.61,42.34,-49.05,20714.44,1043.16,51108.28,13
2021-02-25 01:34:00,43.61,42.34,-49.07,20715.70,1046.99,51108.42,13
2021-02-25 01:35:00,43.60,42.34,-49.10,20716.99,1049.59,51108.51,13
2021-02-25 01:36:00,43.60,42.34,-49.13,20717.44,1052.11,51108.84,13
2021-02-25 01:37:00,43.59,42.34,-49.10,20718.82,1053.10,51108.70,13
2021-02-25 01:38:00,43.60,42.34,-49.09,20719.26,1054.91,51108.84,13
2021-02-25 01:39:00,43.61,42.35,-49.11,20719.97,1055.65,51108.59,13
2021-02-25 01:40:00,43.61,42.35,-49.10,20721.87,1054.68,51108.49,13
2021-02-25 01:41:00,43.60,42.34,-49.07,20722.90,1054.09,51107.92,13
2021-02-25 01:42:00,43.60,42.34,-49.13,20723.81,1053.46,51107.59,13
2021-02-25 01:43:00,43.60,42.33,-49.12,20725.67,1052.48,51107.04,13
2021-02-25 01:44:00,43.61,42.35,-49.08,20726.38,1051.83,51106.40,13
2021-02-25 01:45:00,43.59,42.33,-49.10,20728.61,1050.31,51105.92,13
2021-02-25 01:46:00,43.60,42.34,-49.11,20729.62,1050.94,51105.45,13
2021-02-25 01:47:00,43.61,42.34,-49.10,20729.19,1050.81,51105.06,13
2021-02-25 01:48:00,43.60,42.34,-49.13,20729.29,1050.56,51104.77,13
2021-02-25 01:49:00,43.59,42.34,-49.11,20729.38,1049.97,51104.38,13
2021-02-25 01:50:00,43.60,42.33,-49.11,20728.54,1050.26,51104.15,13
2021-02-25 01:51:00,43.61,42.33,-49.13,20729.43,1049.98,51103.90,13
2021-02-25 01:52:00,43.60,42.33,-49.11,20728.69,1049.76,51103.62,13
2021-02-25 01:53:00,43.61,42.35,-49.13,20729.74,1050.30,51103.31,13
2021-02-25 01:54:00,43.60,42.34,-49.13,20729.81,1051.26,51103.09,13
2021-02-25 01:55:00,43.59,42.34,-49.13,20730.61,1051.93,51102.86,13
2021-02-25 01:56:00,43.58,42.34,-49.08,20731.49,1052.25,51102.48,13
2021-02-25 01:57:00,43.60,42.34,-49.09,20731.97,1053.80,51102.34,13
2021-02-25 01:58:00,43.61,42.35,-49.11,20732.90,1055.00,51102.16,13
2021-02-25 01:59:00,43.60,42.34,-49.13,20732.05,1056.06,51102.15,13
2021-02-25 02:00:00,43.59,42.34,-49.14,20732.37,1057.01,51101.80,13
2021-02-25 02:01:00,43.62,42.34,-49.12,20733.11,1057.61,51101.47,13
2021-02-25 02:02:00,43.58,42.34,-49.10,20733.02,1058.77,51101.31,13
2021-02-25 02:03:00,43.61,42.34,-49.11,20733.27,1058.60,51101.10,13
2021-02-25 02:04:00,43.61,42.34,-49.13,20733.11,1058.56,51101.07,13
2021-02-25 02:05:00,43.59,42.34,-49.11,20732.80,1058.52,51100.88,13
2021-02-25 02:06:00,43.59,42.33,-49.07,20732.61,1058.73,51100.71,13
2021-02-25 02:07:00,43.60,42.35,-49.06,20732.38,1058.39,51100.87,13
2021-02-25 02:08:00,43.61,42.34,-49.07,20731.60,1058.01,51100.43,13
2021-02-25 02:09:00,43.61,42.34,-49.10,20731.11,1057.94,51100.30,13
2021-02-25 02:10:00,43.60,42.33,-49.12,20730.65,1057.64,51100.36,13
2021-02-25 02:11:00,43.60,42.34,-49.13,20729.71,1056.94,51100.44,13
2021-02-25 02:12:00,43.60,42.34,-49.13,20729.06,1056.73,51100.61,13
2021-02-25 02:13:00,43.61,42.33,-49.09,20728.34,1056.35,51100.64,13
2021-02-25 02:14:00,43.61,42.35,-49.08,20728.29,1055.67,51100.63,13
2021-02-25 02:15:00,43.61,42.35,-49.13,20727.81,1055.51,51100.71,13
2021-02-25 02:16:00,43.60,42.34,-49.15,20727.41,1054.82,51100.84,13
2021-02-25 02:17:00,43.59,42.34,-49.13,20726.58,1054.44,51101.09,13
2021-02-25 02:18:00,43.60,42.34,-49.09,20725.27,1055.10,51101.11,13
2021-02-25 02:19:00,43.61,42.35,-49.10,20724.43,1055.58,51101.33,13
2021-02-25 02:20:00,43.60,42.33,-49.07,20724.56,1055.36,51101.54,13
2021-02-25 02:21:00,43.59,42.33,-49.08,20724.66,1055.05,51101.76,13
2021-02-25 02:22:00,43.59,42.34,-49.07,20724.06,1054.05,51102.03,13
2021-02-25 02:23:00,43.60,42.34,-49.09,20724.01,1053.60,51102.25,13
2021-02-25 02:24:00,43.61,42.34,-49.08,20724.09,1053.48,51102.42,13
2021-02-25 02:25:00,43.61,42.34,-49.11,20722.81,1053.55,51102.61,13
2021-02-25 02:26:00,43.60,42.34,-49.08,20722.01,1053.48,51102.92,13
2021-02-25 02:27:00,43.59,42.33,-49.08,20722.61,1053.79,51103.17,13
2021-02-25 02:28:00,43.62,42.34,-49.15,20722.09,1054.16,51103.38,13
2021-02-25 02:29:00,43.60,42.34,-49.11,20721.79,1053.82,51103.59,13
2021-02-25 02:30:00,43.60,42.34,-49.12,20721.51,1054.03,51103.69,13
2021-02-25 02:31:00,43.60,42.34,-49.08,20720.79,1053.51,51103.94,13
2021-02-25 02:32:00,43.61,42.34,-49.13,20720.59,1053.25,51104.18,13
2021-02-25 02:33:00,43.61,42.34,-49.08,20721.11,1052.76,51104.41,13
2021-02-25 02:34:00,43.60,42.34,-49.11,20720.92,1053.13,51104.61,13
2021-02-25 02:35:00,43.59,42.34,-49.07,20719.13,1054.03,51104.99,13
2021-02-25 02:36:00,43.60,42.34,-49.12,20719.88,1055.15,51105.08,13
2021-02-25 02:37:00,43.60,42.32,-49.10,20720.26,1057.24,51105.31,13
2021-02-25 02:38:00,43.61,42.34,-49.13,20719.50,1059.74,51106.09,13
2021-02-25 02:39:00,43.60,42.34,-49.13,20720.07,1061.12,51106.66,13
2021-02-25 02:40:00,43.61,42.34,-49.10,20720.46,1063.24,51107.17,13
2021-02-25 02:41:00,43.60,42.35,-49.09,20721.17,1065.26,51107.67,13
2021-02-25 02:42:00,43.61,42.35,-49.08,20722.34,1068.06,51108.02,13
2021-02-25 02:43:00,43.61,42.33,-49.10,20722.09,1068.39,51108.06,13
2021-02-25 02:44:00,43.60,42.33,-49.15,20722.41,1070.82,51108.59,13
2021-02-25 02:45:00,43.60,42.33,-49.10,20723.86,1072.72,51107.94,13
2021-02-25 02:46:00,43.60,42.34,-49.08,20724.65,1075.34,51107.56,13
2021-02-25 02:47:00,43.59,42.35,-49.06,20726.68,1075.25,51107.69,13
2021-02-25 02:48:00,43.62,42.34,-49.06,20728.24,1073.24,51106.88,13
2021-02-25 02:49:00,43.61,42.33,-49.13,20728.95,1070.59,51105.45,13
2021-02-25 02:50:00,43.59,42.34,-49.09,20729.19,1069.26,51105.27,13
2021-02-25 02:51:00,43.61,42.34,-49.09,20729.65,1066.45,51104.37,13
2021-02-25 02:52:00,43.60,42.35,-49.13,20730.18,1063.04,51104.07,13
2021-02-25 02:53:00,43.61,42.34,-49.10,20729.68,1060.16,51103.57,13
2021-02-25 02:54:00,43.61,42.33,-49.08,20729.44,1057.64,51103.43,13
2021-02-25 02:55:00,43.61,42.34,-49.16,20728.62,1056.49,51103.18,13
2021-02-25 02:56:00,43.61,42.34,-49.09,20727.48,1055.30,51103.27,13
2021-02-25 02:57:00,43.59,42.35,-49.12,20727.15,1054.26,51103.15,13
2021-02-25 02:58:00,43.61,42.34,-49.08,20726.53,1052.96,51103.06,13
2021-02-25 02:59:00,43.60,42.33,-49.11,20726.64,1051.43,51102.87,13
2021-02-25 03:00:00,43.60,42.34,-49.13,20727.24,1050.98,51102.59,13
2021-02-25 03:01:00,43.60,42.34,-49.13,20727.19,1050.13,51102.37,13
2021-02-25 03:02:00,43.59,42.34,-49.16,20727.74,1050.18,51102.33,13
2021-02-25 03:03:00,43.60,42.34,-49.08,20727.62,1049.98,51102.24,13
2021-02-25 03:04:00,43.60,42.35,-49.13,20727.60,1050.20,51101.99,13
2021-02-25 03:05:00,43.60,42.34,-49.11,20727.62,1050.51,51101.92,13
2021-02-25 03:06:00,43.60,42.33,-49.09,20727.33,1050.78,51101.76,13
2021-02-25 03:07:00,43.60,42.34,-49.11,20727.75,1051.60,51101.59,13
2021-02-25 03:08:00,43.60,42.34,-49.10,20726.93,1052.23,51101.59,13
2021-02-25 03:09:00,43.62,42.33,-49.12,20726.71,1052.17,51101.37,13
2021-02-25 03:10:00,43.60,42.35,-49.13,20726.76,1052.78,51101.49,13
2021-02-25 03:11:00,43.60,42.34,-49.11,20726.86,1053.99,51101.66,13
2021-02-25 03:12:00,43.60,42.35,-49.13,20725.70,1054.26,51101.48,13
2021-02-25 03:13:00,43.60,42.35,-49.11,20724.81,1055.21,51101.81,13
2021-02-25 03:14:00,43.60,42.35,-49.11,20724.94,1056.12,51101.86,13
2021-02-25 03:15:00,43.59,42.35,-49.11,20725.53,1057.07,51101.81,13
2021-02-25 03:16:00,43.61,42.34,-49.13,20725.43,1058.35,51101.79,13
2021-02-25 03:17:00,43.60,42.34,-49.06,20724.95,1058.88,51101.69,13
2021-02-25 03:18:00,43.61,42.35,-49.07,20724.68,1058.78,51101.62,13
2021-02-25 03:19:00,43.61,42.34,-49.10,20724.56,1059.39,51101.68,13
2021-02-25 03:20:00,43.61,42.34,-49.12,20723.84,1058.83,51101.73,13
2021-02-25 03:21:00,43.60,42.34,-49.12,20723.09,1059.00,51101.82,13
2021-02-25 03:22:00,43.60,42.34,-49.09,20722.75,1060.02,51101.94,13
2021-02-25 03:23:00,43.60,42.33,-49.08,20721.97,1060.20,51101.95,13
2021-02-25 03:24:00,43.60,42.34,-49.08,20721.87,1059.75,51102.26,13
2021-02-25 03:25:00,43.60,42.34,-49.12,20721.74,1059.95,51102.25,13
2021-02-25 03:26:00,43.61,42.34,-49.10,20721.09,1060.09,51101.94,13
2021-02-25 03:27:00,43.60,42.33,-49.13,20721.19,1060.18,51101.85,13
2021-02-25 03:28:00,43.62,42.34,-49.05,20721.17,1060.13,51101.73,13
2021-02-25 03:29:00,43.60,42.34,-49.12,20720.64,1060.33,51101.74,13
2021-02-25 03:30:00,43.60,42.35,-49.10,20719.26,1059.22,51101.63,13
2021-02-25 03:31:00,43.60,42.34,-49.10,20719.91,1058.24,51101.79,13
2021-02-25 03:32:00,43.60,42.34,-49.11,20718.78,1057.57,51102.02,13
2021-02-25 03:33:00,43.62,42.34,-49.08,20717.79,1057.50,51102.22,13
2021-02-25 03:34:00,43.59,42.35,-49.09,20716.43,1058.59,51102.13,13
2021-02-25 03:35:00,43.60,42.34,-49.12,20716.04,1059.25,51102.57,13
2021-02-25 03:36:00,43.60,42.35,-49.08,20716.20,1059.10,51102.68,13
2021-02-25 03:37:00,43.60,42.34,-49.10,20715.99,1062.07,51102.86,13
2021-02-25 03:38:00,43.60,42.34,-49.11,20717.47,1062.75,51102.77,13
2021-02-25 03:39:00,43.59,42.34,-49.12,20718.42,1063.08,51102.46,13
2021-02-25 03:40:00,43.59,42.33,-49.07,20721.72,1065.91,51101.76,13
2021-02-25 03:41:00,43.60,42.35,-49.10,20724.57,1068.95,51102.06,13
2021-02-25 03:42:00,43.61,42.34,-49.17,20725.51,1068.68,51101.47,13
2021-02-25 03:43:00,43.60,42.34,-49.08,20725.89,1069.87,51100.84,13
2021-02-25 03:44:00,43.61,42.35,-49.11,20726.47,1069.49,51099.38,13
2021-02-25 03:45:00,43.61,42.34,-49.08,20730.04,1070.70,51098.57,13
2021-02-25 03:46:00,43.61,42.34,-49.08,20731.71,1070.85,51097.16,13
2021-02-25 03:47:00,43.59,42.34,-49.07,20732.61,1071.78,51096.43,13
2021-02-25 03:48:00,43.59,42.35,-49.09,20734.36,1070.92,51095.00,13
2021-02-25 03:49:00,43.60,42.34,-49.11,20735.64,1069.71,51093.57,13
2021-02-25 03:50:00,43.59,42.34,-49.16,20736.89,1066.82,51092.76,13
2021-02-25 03:51:00,43.60,42.34,-49.11,20739.37,1062.76,51091.60,13
2021-02-25 03:52:00,43.61,42.34,-49.08,20739.32,1059.62,51090.83,13
2021-02-25 03:53:00,43.60,42.35,-49.11,20738.44,1056.25,51090.01,13
2021-02-25 03:54:00,43.60,42.33,-49.08,20737.16,1054.09,51089.54,13
2021-02-25 03:55:00,43.60,42.33,-49.13,20736.77,1053.07,51088.82,13
2021-02-25 03:56:00,43.61,42.34,-49.11,20734.32,1049.37,51088.01,13
2021-02-25 03:57:00,43.60,42.34,-49.11,20732.12,1046.97,51087.13,13
2021-02-25 03:58:00,43.61,42.33,-49.08,20729.86,1045.17,51086.80,13
2021-02-25 03:59:00,43.60,42.34,-49.08,20730.03,1043.97,51086.27,13
2021-02-25 04:00:00,43.59,42.34,-49.11,20729.42,1040.95,51085.47,13
2021-02-25 04:01:00,43.60,42.33,-49.05,20730.54,1037.27,51084.72,13
2021-02-25 04:02:00,43.61,42.34,-49.09,20730.53,1031.68,51083.71,13
2021-02-25 04:03:00,43.60,42.35,-49.17,20729.59,1029.37,51083.12,13
2021-02-25 04:04:00,43.61,42.34,-49.10,20727.69,1027.24,51082.14,13
2021-02-25 04:05:00,43.60,42.32,-49.16,20725.35,1026.26,51081.43,13
2021-02-25 04:06:00,43.61,42.34,-49.11,20724.28,1023.06,51080.40,13
2021-02-25 04:07:00,43.61,42.34,-49.10,20723.06,1021.02,51079.66,13
2021-02-25 04:08:00,43.60,42.34,-49.10,20723.75,1020.32,51079.74,13
2021-02-25 04:09:00,43.60,42.34,-49.08,20721.64,1019.90,51080.00,13
2021-02-25 04:10:00,43.61,42.33,-49.11,20717.78,1016.92,51079.41,13
2021-02-25 04:11:00,43.60,42.33,-49.11,20714.22,1017.80,51079.70,13
2021-02-25 04:12:00,43.61,42.35,-49.11,20710.87,1020.92,51079.54,13
2021-02-25 04:13:00,43.59,42.34,-49.10,20707.69,1023.67,51079.75,13
2021-02-25 04:14:00,43.60,42.34,-49.07,20706.64,1028.03,51080.29,13
2021-02-25 04:15:00,43.61,42.35,-49.13,20706.71,1031.49,51081.03,13
2021-02-25 04:16:00,43.60,42.34,-49.08,20706.68,1034.67,51081.65,13
2021-02-25 04:17:00,43.61,42.34,-49.08,20705.55,1038.10,51082.53,13
2021-02-25 04:18:00,43.61,42.34,-49.09,20709.34,1040.00,51083.14,13
2021-02-25 04:19:00,43.60,42.34,-49.10,20709.66,1042.06,51083.67,13
2021-02-25 04:20:00,43.59,42.34,-49.10,20710.01,1042.51,51083.54,13
2021-02-25 04:21:00,43.61,42.34,-49.11,20709.40,1044.62,51083.08,13
2021-02-25 04:22:00,43.60,42.34,-49.12,20710.30,1045.17,51082.22,13
2021-02-25 04:23:00,43.59,42.34,-49.11,20712.28,1044.58,51081.72,13
2021-02-25 04:24:00,43.60,42.33,-49.07,20716.36,1045.13,51082.54,13
2021-02-25 04:25:00,43.59,42.33,-49.13,20719.75,1047.27,51083.33,13
2021-02-25 04:26:00,43.59,42.34,-49.12,20723.78,1047.77,51084.24,13
2021-02-25 04:27:00,43.60,42.34,-49.12,20723.83,1049.58,51084.75,13
2021-02-25 04:28:00,43.60,42.34,-49.10,20723.48,1050.16,51084.85,13
2021-02-25 04:29:00,43.61,42.34,-49.11,20723.62,1051.47,51084.21,13
2021-02-25 04:30:00,43.60,42.34,-49.10,20725.05,1051.56,51084.16,13
2021-02-25 04:31:00,43.59,42.34,-49.13,20724.43,1052.65,51084.11,13
2021-02-25 04:32:00,43.60,42.35,-49.15,20725.93,1054.19,51083.88,13
2021-02-25 04:33:00,43.60,42.34,-49.13,20728.20,1053.52,51083.99,13
2021-02-25 04:34:00,43.60,42.34,-49.11,20727.99,1054.64,51083.93,13
2021-02-25 04:35:00,43.60,42.34,-49.10,20728.90,1055.30,51083.44,13
2021-02-25 04:36:00,43.61,42.33,-49.15,20729.00,1055.98,51083.12,13
2021-02-25 04:37:00,43.60,42.35,-49.13,20728.29,1056.44,51082.37,13
2021-02-25 04:38:00,43.60,42.33,-49.09,20727.28,1055.19,51081.85,13
2021-02-25 04:39:00,43.59,42.34,-49.10,20726.89,1055.31,51081.64,13
2021-02-25 04:40:00,43.60,42.35,-49.10,20725.95,1055.14,51081.49,13
2021-02-25 04:41:00,43.61,42.35,-49.10,20725.05,1056.12,51081.51,13
2021-02-25 04:42:00,43.60,42.34,-49.06,20725.05,1057.15,51081.75,13
2021-02-25 04:43:00,43.62,42.35,-49.06,20724.98,1057.12,51081.94,13
2021-02-25 04:44:00,43.60,42.34,-49.10,20724.36,1057.50,51082.20,13
2021-02-25 04:45:00,43.60,42.33,-49.11,20723.46,1056.80,51082.77,13
2021-02-25 04:46:00,43.61,42.34,-49.12,20723.11,1057.54,51083.14,13
2021-02-25 04:47:00,43.60,42.33,-49.09,20723.11,1058.81,51084.12,13
2021-02-25 04:48:00,43.61,42.33,-49.11,20722.04,1059.99,51085.24,13
2021-02-25 04:49:00,43.59,42.35,-49.15,20720.44,1061.33,51085.69,13
2021-02-25 04:50:00,43.59,42.33,-49.12,20719.71,1062.32,51086.52,13
2021-02-25 04:51:00,43.61,42.33,-49.10,20719.06,1064.38,51087.63,13
2021-02-25 04:52:00,43.61,42.34,-49.08,20718.25,1066.15,51088.51,13
2021-02-25 04:53:00,43.61,42.33,-49.08,20717.85,1068.26,51089.00,13
2021-02-25 04:54:00,43.60,42.35,-49.08,20717.24,1069.63,51089.74,13
2021-02-25 04:55:00,43.61,42.33,-49.13,20717.21,1071.02,51090.08,13
2021-02-25 04:56:00,43.61,42.34,-49.11,20717.47,1072.01,51090.75,13
2021-02-25 04:57:00,43.60,42.34,-49.08,20718.24,1072.76,51090.69,13
2021-02-25 04:58:00,43.60,42.34,-49.10,20718.47,1073.52,51091.39,13
2021-02-25 04:59:00,43.60,42.33,-49.11,20718.53,1074.17,51091.71,13
2021-02-25 05:00:00,43.60,42.32,-49.14,20718.57,1074.86,51091.87,13
2021-02-25 05:01:00,43.61,42.34,-49.08,20718.83,1075.75,51091.97,13
2021-02-25 05:02:00,43.59,42.34,-49.11,20719.31,1076.89,51092.08,13
2021-02-25 05:03:00,43.60,42.34,-49.08,20719.39,1077.42,51092.09,13
2021-02-25 05:04:00,43.59,42.33,-49.10,20719.85,1077.76,51092.14,13
2021-02-25 05:05:00,43.60,42.35,-49.10,20719.56,1077.45,51091.97,13
2021-02-25 05:06:00,43.60,42.34,-49.11,20719.53,1076.75,51091.96,13
2021-02-25 05:07:00,43.59,42.34,-49.11,20719.91,1076.23,51091.81,13
2021-02-25 05:08:00,43.59,42.33,-49.12,20720.14,1075.53,51091.75,13
2021-02-25 05:09:00,43.60,42.33,-49.15,20720.00,1075.36,51091.58,13
2021-02-25 05:10:00,43.59,42.33,-49.11,20719.89,1075.65,51091.69,13
2021-02-25 05:11:00,43.60,42.33,-49.11,20719.43,1075.12,51091.45,13
2021-02-25 05:12:00,43.60,42.33,-49.15,20719.53,1074.75,51091.38,13
2021-02-25 05:13:00,43.60,42.34,-49.12,20719.20,1074.43,51091.41,13
2021-02-25 05:14:00,43.60,42.34,-49.12,20719.63,1073.89,51091.22,13
2021-02-25 05:15:00,43.61,42.33,-49.10,20719.46,1072.88,51091.22,13
2021-02-25 05:16:00,43.60,42.34,-49.09,20719.39,1072.08,51091.15,13
2021-02-25 05:17:00,43.59,42.34,-49.10,20719.62,1070.78,51090.97,13
2021-02-25 05:18:00,43.59,42.34,-49.10,20719.55,1070.01,51090.83,13
2021-02-25 05:19:00,43.61,42.34,-49.11,20719.62,1068.74,51091.09,13
2021-02-25 05:20:00,43.59,42.35,-49.08,20719.16,1068.10,51090.86,13
2021-02-25 05:21:00,43.60,42.34,-49.09,20719.02,1067.87,51090.99,13
2021-02-25 05:22:00,43.59,42.34,-49.05,20718.50,1067.50,51091.09,13
2021-02-25 05:23:00,43.59,42.34,-49.09,20718.11,1066.62,51091.41,13
2021-02-25 05:24:00,43.58,42.35,-49.18,20717.59,1066.37,51091.49,13
2021-02-25 05:25:00,43.59,42.33,-49.15,20716.79,1066.48,51091.90,13
2021-02-25 05:26:00,43.61,42.34,-49.11,20715.98,1066.37,51092.10,13
2021-02-25 05:27:00,43.62,42.35,-49.10,20715.44,1066.44,51092.49,13
2021-02-25 05:28:00,43.59,42.33,-49.06,20714.98,1067.00,51092.87,13
2021-02-25 05:29:00,43.59,42.34,-49.08,20714.64,1067.25,51093.12,13
2021-02-25 05:30:00,43.61,42.35,-49.11,20713.87,1067.47,51093.31,13
2021-02-25 05:31:00,43.61,42.35,-49.10,20713.41,1068.50,51093.73,13
2021-02-25 05:32:00,43.60,42.34,-49.08,20713.46,1069.18,51093.92,13
2021-02-25 05:33:00,43.60,42.34,-49.11,20714.17,1070.00,51094.05,13
2021-02-25 05:34:00,43.60,42.34,-49.13,20714.40,1071.23,51094.21,13
2021-02-25 05:35:00,43.59,42.33,-49.09,20715.33,1071.76,51094.26,13
2021-02-25 05:36:00,43.60,42.34,-49.13,20715.60,1072.73,51094.38,13
2021-02-25 05:37:00,43.60,42.34,-49.08,20716.13,1073.11,51094.13,13
2021-02-25 05:38:00,43.61,42.33,-49.09,20717.29,1073.24,51094.44,13
2021-02-25 05:39:00,43.61,42.34,-49.11,20718.68,1073.47,51094.35,13
2021-02-25 05:40:00,43.60,42.34,-49.12,20719.77,1073.32,51094.05,13
2021-02-25 05:41:00,43.60,42.34,-49.12,20720.62,1072.93,51093.90,13
2021-02-25 05:42:00,43.61,42.34,-49.10,20721.24,1072.87,51093.43,13
2021-02-25 05:43:00,43.61,42.34,-49.04,20721.62,1072.81,51093.11,13
2021-02-25 05:44:00,43.60,42.33,-49.10,20722.18,1072.12,51093.15,13
2021-02-25 05:45:00,43.60,42.33,-49.12,20722.73,1071.33,51092.75,13
2021-02-25 05:46:00,43.60,42.34,-49.07,20724.60,1070.62,51092.38,13
2021-02-25 05:47:00,43.59,42.33,-49.10,20725.30,1069.19,51092.36,13
2021-02-25 05:48:00,43.60,42.34,-49.11,20724.62,1068.57,51091.91,13
2021-02-25 05:49:00,43.61,42.34,-49.07,20724.30,1067.48,51091.44,13
2021-02-25 05:50:00,43.61,42.35,-49.11,20724.44,1066.87,51091.15,13
2021-02-25 05:51:00,43.61,42.34,-49.08,20724.37,1066.50,51091.22,13
2021-02-25 05:52:00,43.60,42.33,-49.17,20723.70,1066.16,51091.24,13
2021-02-25 05:53:00,43.60,42.33,-49.10,20723.09,1065.67,51091.08,13
2021-02-25 05:54:00,43.60,42.35,-49.05,20723.38,1064.43,51090.85,13
2021-02-25 05:55:00,43.60,42.34,-49.10,20724.97,1063.39,51090.90,13
2021-02-25 05:56:00,43.60,42.34,-49.12,20728.02,1062.90,51090.89,13
2021-02-25 05:57:00,43.59,42.35,-49.11,20729.42,1062.62,51091.04,13
2021-02-25 05:58:00,43.61,42.35,-49.11,20730.01,1061.79,51090.54,13
2021-02-25 05:59:00,43.60,42.33,-49.13,20730.01,1061.02,51089.87,13
2021-02-25 06:00:00,43.59,42.35,-49.19,20730.57,1059.81,51089.61,13
2021-02-25 06:01:00,43.58,42.33,-49.14,20730.86,1059.36,51089.47,13
2021-02-25 06:02:00,43.60,42.34,-49.10,20730.94,1059.56,51089.13,13
2021-02-25 06:03:00,43.61,42.34,-49.08,20730.44,1059.58,51088.79,13
2021-02-25 06:04:00,43.61,42.33,-49.10,20729.74,1060.13,51088.42,13
2021-02-25 06:05:00,43.60,42.34,-49.10,20728.61,1060.45,51088.14,13
2021-02-25 06:06:00,43.59,42.34,-49.10,20728.49,1061.41,51088.05,13
2021-02-25 06:07:00,43.61,42.35,-49.10,20729.14,1062.13,51088.06,13
2021-02-25 06:08:00,43.61,42.34,-49.06,20730.11,1062.12,51088.08,13
2021-02-25 06:09:00,43.59,42.34,-49.12,20730.76,1062.22,51087.57,13
2021-02-25 06:10:00,43.60,42.35,-49.09,20731.33,1062.68,51087.21,13
2021-02-25 06:11:00,43.60,42.34,-49.12,20731.32,1062.34,51086.86,13
2021-02-25 06:12:00,43.59,42.34,-49.13,20730.92,1061.68,51086.13,13
2021-02-25 06:13:00,43.59,42.35,-49.16,20731.04,1060.68,51085.64,13
2021-02-25 06:14:00,43.59,42.34,-49.11,20731.01,1059.20,51085.47,13
2021-02-25 06:15:00,43.61,42.34,-49.15,20729.71,1057.13,51084.98,13
2021-02-25 06:16:00,43.60,42.34,-49.10,20728.90,1056.13,51084.62,13
2021-02-25 06:17:00,43.61,42.34,-49.10,20727.99,1054.97,51084.45,13
2021-02-25 06:18:00,43.61,42.34,-49.06,20726.48,1054.33,51084.50,13
2021-02-25 06:19:00,43.60,42.35,-49.10,20725.53,1053.96,51084.62,13
2021-02-25 06:20:00,43.60,42.34,-49.13,20724.41,1053.94,51084.44,13
2021-02-25 06:21:00,43.59,42.35,-49.08,20724.49,1053.67,51084.62,13
2021-02-25 06:22:00,43.60,42.34,-49.12,20722.46,1053.57,51084.30,13
2021-02-25 06:23:00,43.60,42.34,-49.15,20722.70,1054.09,51084.45,13
2021-02-25 06:24:00,43.60,42.33,-49.13,20722.90,1054.56,51084.27,13
2021-02-25 06:25:00,43.60,42.34,-49.11,20722.37,1054.63,51084.06,13
2021-02-25 06:26:00,43.59,42.33,-49.08,20722.78,1054.98,51084.20,13
2021-02-25 06:27:00,43.60,42.34,-49.10,20724.66,1055.36,51084.24,13
2021-02-25 06:28:00,43.62,42.34,-49.10,20727.31,1055.49,51084.90,13
2021-02-25 06:29:00,43.61,42.34,-49.09,20729.15,1055.69,51085.29,13
2021-02-25 06:30:00,43.59,42.34,-49.06,20729.42,1056.40,51084.76,13
2021-02-25 06:31:00,43.61,42.34,-49.11,20730.85,1055.64,51084.14,13
2021-02-25 06:32:00,43.61,42.33,-49.11,20730.77,1053.98,51083.53,13
2021-02-25 06:33:00,43.59,42.34,-49.12,20731.16,1053.24,51083.21,13
2021-02-25 06:34:00,43.60,42.35,-49.10,20732.24,1052.48,51083.27,13
2021-02-25 06:35:00,43.60,42.34,-49.07,20732.80,1050.97,51083.02,13
2021-02-25 06:36:00,43.60,42.34,-49.08,20733.87,1050.56,51083.16,13
2021-02-25 06:37:00,43.61,42.33,-49.18,20733.74,1049.86,51083.18,13
2021-02-25 06:38:00,43.60,42.34,-49.05,20733.71,1048.35,51082.16,13
2021-02-25 06:39:00,43.59,42.33,-49.08,20733.87,1046.31,51081.77,13
2021-02-25 06:40:00,43.59,42.35,-49.11,20733.19,1045.83,51081.23,13
2021-02-25 06:41:00,43.59,42.32,-49.13,20732.35,1045.52,51080.60,13
2021-02-25 06:42:00,43.60,42.34,-49.13,20732.60,1045.66,51080.80,13
2021-02-25 06:43:00,43.59,42.33,-49.10,20732.65,1044.74,51079.49,13
2021-02-25 06:44:00,43.60,42.34,-49.09,20731.38,1044.45,51079.22,13
2021-02-25 06:45:00,43.60,42.34,-49.09,20731.94,1045.53,51078.88,13
2021-02-25 06:46:00,43.60,42.33,-49.10,20732.50,1047.10,51079.15,13
2021-02-25 06:47:00,43.60,42.34,-49.13,20732.90,1047.71,51078.83,13
2021-02-25 06:48:00,43.60,42.32,-49.11,20733.85,1047.86,51078.96,13
2021-02-25 06:49:00,43.60,42.34,-49.11,20734.63,1046.90,51078.77,13
2021-02-25 06:50:00,43.60,42.34,-49.08,20733.98,1046.34,51078.06,13
2021-02-25 06:51:00,43.61,42.35,-49.09,20733.97,1046.91,51077.92,13
2021-02-25 06:52:00,43.59,42.35,-49.10,20734.51,1046.17,51077.35,13
2021-02-25 06:53:00,43.60,42.34,-49.11,20734.99,1046.82,51077.39,13
2021-02-25 06:54:00,43.60,42.34,-49.11,20735.03,1047.03,51077.08,13
2021-02-25 06:55:00,43.61,42.34,-49.18,20735.77,1047.04,51076.74,13
2021-02-25 06:56:00,43.60,42.34,-49.10,20736.10,1046.48,51076.67,13
2021-02-25 06:57:00,43.60,42.34,-49.10,20736.35,1047.63,51076.68,13
2021-02-25 06:58:00,43.59,42.35,-49.09,20736.75,1048.63,51076.83,13
2021-02-25 06:59:00,43.60,42.34,-49.10,20736.39,1050.39,51077.00,13
2021-02-25 07:00:00,43.60,42.34,-49.10,20735.61,1052.56,51076.85,13
2021-02-25 07:01:00,43.59,42.34,-49.10,20735.47,1053.02,51076.72,13
2021-02-25 07:02:00,43.59,42.34,-49.13,20735.27,1053.41,51076.60,13
2021-02-25 07:03:00,43.61,42.34,-49.07,20733.88,1054.87,51076.44,13
2021-02-25 07:04:00,43.60,42.34,-49.13,20732.36,1056.32,51076.22,13
2021-02-25 07:05:00,43.60,42.34,-49.17,20730.26,1057.53,51076.11,13
2021-02-25 07:06:00,43.60,42.34,-49.14,20729.85,1058.50,51076.04,13
2021-02-25 07:07:00,43.60,42.34,-49.10,20729.68,1059.21,51076.28,13
2021-02-25 07:08:00,43.61,42.33,-49.08,20729.52,1059.99,51076.49,13
2021-02-25 07:09:00,43.58,42.34,-49.08,20728.28,1060.63,51076.98,13
2021-02-25 07:10:00,43.60,42.34,-49.13,20728.79,1060.92,51076.92,13
2021-02-25 07:11:00,43.59,42.34,-49.11,20729.67,1061.37,51077.71,13
2021-02-25 07:12:00,43.59,42.33,-49.08,20729.83,1062.45,51077.78,13
2021-02-25 07:13:00,43.60,42.33,-49.10,20729.96,1063.25,51078.15,13
2021-02-25 07:14:00,43.60,42.34,-49.09,20729.51,1063.99,51078.05,13
2021-02-25 07:15:00,43.61,42.33,-49.11,20728.90,1064.43,51078.11,13
2021-02-25 07:16:00,43.60,42.34,-49.08,20728.83,1065.52,51078.24,13
2021-02-25 07:17:00,43.62,42.34,-49.11,20729.30,1066.21,51078.13,13
2021-02-25 07:18:00,43.60,42.34,-49.10,20728.23,1067.14,51077.83,13
2021-02-25 07:19:00,43.60,42.34,-49.06,20727.68,1067.59,51077.63,13
2021-02-25 07:20:00,43.59,42.33,-49.15,20727.89,1067.48,51077.53,13
2021-02-25 07:21:00,43.60,42.33,-49.08,20727.08,1067.95,51077.54,13
2021-02-25 07:22:00,43.59,42.34,-49.12,20726.56,1068.49,51077.09,13
2021-02-25 07:23:00,43.60,42.34,-49.10,20726.01,1068.98,51077.32,13
2021-02-25 07:24:00,43.59,42.34,-49.08,20726.15,1068.70,51077.40,13
2021-02-25 07:25:00,43.60,42.34,-49.14,20725.77,1069.31,51077.90,13
2021-02-25 07:26:00,43.61,42.34,-49.11,20725.67,1069.44,51078.23,13
2021-02-25 07:27:00,43.60,42.33,-49.12,20725.79,1069.01,51078.55,13
2021-02-25 07:28:00,43.59,42.34,-49.11,20725.74,1068.91,51079.15,13
2021-02-25 07:29:00,43.59,42.35,-49.08,20725.66,1069.81,51079.37,13
2021-02-25 07:30:00,43.59,42.34,-49.10,20725.66,1069.60,51079.54,13
2021-02-25 07:31:00,43.60,42.33,-49.14,20725.72,1069.56,51079.74,13
2021-02-25 07:32:00,43.61,42.34,-49.11,20725.97,1069.98,51080.01,13
2021-02-25 07:33:00,43.61,42.34,-49.06,20726.18,1069.83,51080.29,13
2021-02-25 07:34:00,43.60,42.35,-49.11,20726.38,1069.86,51080.57,13
2021-02-25 07:35:00,43.60,42.33,-49.08,20726.84,1069.92,51080.80,13
2021-02-25 07:36:00,43.61,42.34,-49.13,20727.16,1069.37,51080.77,13
2021-02-25 07:37:00,43.59,42.35,-49.10,20727.38,1069.25,51081.05,13
2021-02-25 07:38:00,43.58,42.34,-49.05,20728.13,1068.60,51081.17,13
2021-02-25 07:39:00,43.60,42.34,-49.14,20728.67,1067.86,51080.91,13
2021-02-25 07:40:00,43.59,42.34,-49.17,20728.42,1067.41,51080.86,13
2021-02-25 07:41:00,43.61,42.33,-49.12,20727.83,1067.34,51080.61,13
2021-02-25 07:42:00,43.60,42.35,-49.10,20727.79,1067.06,51080.41,13
2021-02-25 07:43:00,43.60,42.34,-49.06,20727.47,1067.52,51080.21,13
2021-02-25 07:44:00,43.59,42.34,-49.08,20727.37,1067.62,51080.25,13
2021-02-25 07:45:00,43.61,42.34,-49.10,20726.95,1067.91,51080.15,13
2021-02-25 07:46:00,43.60,42.33,-49.13,20726.71,1067.45,51080.08,13
2021-02-25 07:47:00,43.60,42.33,-49.10,20726.71,1067.16,51080.09,13
2021-02-25 07:48:00,43.59,42.34,-49.15,20726.53,1066.09,51080.29,13
2021-02-25 07:49:00,43.60,42.34,-49.11,20725.78,1064.54,51080.28,13
2021-02-25 07:50:00,43.60,42.34,-49.13,20725.15,1063.85,51080.35,13
2021-02-25 07:51:00,43.60,42.34,-49.12,20724.96,1062.40,51080.01,13
2021-02-25 07:52:00,43.60,42.34,-49.10,20724.58,1061.77,51079.92,13
2021-02-25 07:53:00,43.59,42.34,-49.10,20723.97,1060.88,51079.83,13
2021-02-25 07:54:00,43.60,42.33,-49.08,20723.16,1060.52,51080.24,13
2021-02-25 07:55:00,43.60,42.34,-49.10,20722.85,1060.08,51079.73,13
2021-02-25 07:56:00,43.59,42.35,-49.09,20722.65,1059.79,51080.02,13
2021-02-25 07:57:00,43.60,42.33,-49.11,20721.63,1059.52,51080.48,13
2021-02-25 07:58:00,43.59,42.34,-49.11,20720.44,1057.83,51080.55,13
2021-02-25 07:59:00,43.60,42.35,-49.12,20720.71,1057.27,51080.50,13
2021-02-25 08:00:00,43.61,42.35,-49.06,20721.05,1056.80,51080.16,13
2021-02-25 08:01:00,43.61,42.33,-49.10,20720.65,1056.60,51080.81,13
2021-02-25 08:02:00,43.60,42.34,-49.10,20720.86,1056.62,51080.21,13
2021-02-25 08:03:00,43.60,42.34,-49.11,20720.75,1056.31,51080.83,13
2021-02-25 08:04:00,43.60,42.34,-49.06,20720.76,1055.44,51080.16,13
2021-02-25 08:05:00,43.60,42.33,-49.13,20720.75,1054.77,51081.11,13
2021-02-25 08:06:00,43.60,42.33,-49.10,20721.09,1054.07,51081.11,13
2021-02-25 08:07:00,43.61,42.33,-49.13,20721.39,1053.81,51080.94,13
2021-02-25 08:08:00,43.62,42.33,-49.11,20721.95,1053.46,51080.28,13
2021-02-25 08:09:00,43.60,42.34,-49.09,20721.27,1053.54,51080.44,13
2021-02-25 08:10:00,43.60,42.33,-49.11,20721.42,1053.62,51080.48,13
2021-02-25 08:11:00,43.60,42.34,-49.11,20721.10,1053.62,51080.22,13
2021-02-25 08:12:00,43.60,42.34,-49.06,20721.35,1053.02,51079.44,13
2021-02-25 08:13:00,43.59,42.33,-49.14,20721.07,1052.65,51079.79,13
2021-02-25 08:14:00,43.61,42.33,-49.08,20721.21,1052.78,51079.73,13
2021-02-25 08:15:00,43.60,42.35,-49.10,20721.77,1052.97,51079.85,13
2021-02-25 08:16:00,43.60,42.34,-49.12,20721.81,1052.25,51080.46,13
2021-02-25 08:17:00,43.59,42.34,-49.09,20722.07,1052.07,51079.64,13
2021-02-25 08:18:00,43.61,42.34,-49.11,20721.87,1051.93,51079.88,13
2021-02-25 08:19:00,43.61,42.34,-49.10,20722.09,1051.21,51080.41,13
2021-02-25 08:20:00,43.60,42.33,-49.10,20721.80,1049.85,51080.29,13
2021-02-25 08:21:00,43.62,42.34,-49.08,20721.20,1048.82,51079.64,13
2021-02-25 08:22:00,43.60,42.34,-49.11,20720.06,1048.75,51080.15,13
2021-02-25 08:23:00,43.60,42.34,-49.10,20719.54,1048.18,51079.96,13
2021-02-25 08:24:00,43.61,42.34,-49.11,20720.24,1048.18,51080.24,13
2021-02-25 08:25:00,43.60,42.33,-49.11,20721.13,1047.84,51079.26,13
2021-02-25 08:26:00,43.60,42.34,-49.10,20721.07,1048.69,51079.43,13
2021-02-25 08:27:00,43.60,42.34,-49.10,20721.58,1048.36,51079.03,13
2021-02-25 08:28:00,43.61,42.34,-49.09,20721.97,1048.41,51079.09,13
2021-02-25 08:29:00,43.60,42.35,-49.13,20722.33,1047.90,51079.03,13
2021-02-25 08:30:00,43.60,42.34,-49.10,20721.63,1046.89,51079.05,13
2021-02-25 08:31:00,43.60,42.34,-49.09,20721.81,1045.56,51078.94,13
2021-02-25 08:32:00,43.61,42.34,-49.08,20721.13,1045.27,51079.48,13
2021-02-25 08:33:00,43.62,42.33,-49.12,20721.40,1044.17,51079.11,13
2021-02-25 08:34:00,43.61,42.34,-49.13,20719.97,1042.51,51079.02,13
2021-02-25 08:35:00,43.59,42.34,-49.10,20718.37,1040.83,51078.61,13
2021-02-25 08:36:00,43.59,42.34,-49.08,20717.12,1040.00,51078.24,13
2021-02-25 08:37:00,43.61,42.34,-49.13,20716.37,1039.45,51078.13,13
2021-02-25 08:38:00,43.59,42.34,-49.11,20716.59,1039.21,51078.56,13
2021-02-25 08:39:00,43.61,42.34,-49.07,20717.16,1039.10,51079.27,13
2021-02-25 08:40:00,43.59,42.34,-49.11,20718.24,1038.66,51079.73,13
2021-02-25 08:41:00,43.60,42.34,-49.13,20719.16,1036.91,51079.43,13
2021-02-25 08:42:00,43.60,42.34,-49.07,20720.01,1035.95,51080.54,13
2021-02-25 08:43:00,43.59,42.34,-49.09,20720.68,1034.17,51079.94,13
2021-02-25 08:44:00,43.60,42.34,-49.12,20720.88,1033.50,51079.62,13
2021-02-25 08:45:00,43.61,42.33,-49.10,20721.49,1032.71,51080.16,13
2021-02-25 08:46:00,43.60,42.34,-49.13,20721.98,1032.05,51080.60,13
2021-02-25 08:47:00,43.60,42.33,-49.08,20723.06,1032.54,51080.51,13
2021-02-25 08:48:00,43.60,42.33,-49.09,20723.33,1032.96,51080.57,13
2021-02-25 08:49:00,43.60,42.34,-49.12,20723.08,1032.79,51080.41,13
2021-02-25 08:50:00,43.61,42.34,-49.06,20722.73,1032.82,51079.93,13
2021-02-25 08:51:00,43.60,42.34,-49.08,20722.58,1033.65,51080.28,13
2021-02-25 08:52:00,43.62,42.33,-49.10,20723.86,1034.34,51079.49,13
2021-02-25 08:53:00,43.59,42.34,-49.15,20724.58,1034.40,51079.50,13
2021-02-25 08:54:00,43.60,42.34,-49.12,20725.19,1034.88,51079.08,13
2021-02-25 08:55:00,43.60,42.35,-49.09,20725.21,1034.65,51078.92,13
2021-02-25 08:56:00,43.60,42.33,-49.13,20724.97,1035.14,51078.84,13
2021-02-25 08:57:00,43.60,42.34,-49.11,20725.96,1035.79,51078.68,13
2021-02-25 08:58:00,43.60,42.35,-49.08,20726.18,1036.66,51078.33,13
2021-02-25 08:59:00,43.59,42.34,-49.12,20727.37,1036.92,51078.11,13
2021-02-25 09:00:00,43.61,42.33,-49.10,20727.99,1036.05,51077.78,13
2021-02-25 09:01:00,43.61,42.34,-49.09,20728.32,1035.82,51077.16,13
2021-02-25 09:02:00,43.60,42.33,-49.10,20727.60,1035.16,51076.67,13
2021-02-25 09:03:00,43.60,42.34,-49.10,20727.10,1034.15,51076.37,13
2021-02-25 09:04:00,43.59,42.34,-49.07,20726.33,1032.46,51075.36,13
2021-02-25 09:05:00,43.60,42.34,-49.14,20724.39,1029.89,51074.71,13
2021-02-25 09:06:00,43.61,42.34,-49.13,20722.18,1027.96,51074.37,13
2021-02-25 09:07:00,43.58,42.33,-49.11,20720.33,1026.61,51073.70,13
2021-02-25 09:08:00,43.60,42.33,-49.11,20718.95,1026.60,51073.06,13
2021-02-25 09:09:00,43.62,42.34,-49.14,20718.46,1026.52,51072.56,13
2021-02-25 09:10:00,43.60,42.34,-49.07,20717.44,1025.24,51072.58,13
2021-02-25 09:11:00,43.60,42.34,-49.11,20717.24,1023.82,51072.31,13
2021-02-25 09:12:00,43.60,42.34,-49.12,20716.00,1022.76,51072.09,13
2021-02-25 09:13:00,43.62,42.33,-49.08,20715.35,1022.59,51071.79,13
2021-02-25 09:14:00,43.60,42.34,-49.10,20715.46,1022.87,51071.78,13
2021-02-25 09:15:00,43.60,42.34,-49.08,20715.40,1023.07,51071.45,13
2021-02-25 09:16:00,43.61,42.34,-49.13,20715.83,1023.70,51071.65,13
2021-02-25 09:17:00,43.60,42.34,-49.10,20716.04,1023.75,51071.28,13
2021-02-25 09:18:00,43.61,42.34,-49.10,20715.25,1024.02,51071.06,13
2021-02-25 09:19:00,43.60,42.33,-49.06,20714.02,1024.75,51070.47,13
2021-02-25 09:20:00,43.59,42.34,-49.10,20713.11,1025.06,51070.01,13
2021-02-25 09:21:00,43.61,42.32,-49.11,20712.20,1025.61,51069.52,13
2021-02-25 09:22:00,43.59,42.34,-49.10,20711.45,1025.40,51069.18,13
2021-02-25 09:23:00,43.61,42.33,-49.15,20711.07,1026.62,51068.93,13
2021-02-25 09:24:00,43.60,42.34,-49.10,20711.50,1025.93,51068.92,13
2021-02-25 09:25:00,43.60,42.33,-49.08,20711.67,1026.28,51068.71,13
2021-02-25 09:26:00,43.60,42.34,-49.08,20712.84,1026.70,51069.00,13
2021-02-25 09:27:00,43.58,42.33,-49.08,20712.82,1026.36,51068.89,13
2021-02-25 09:28:00,43.60,42.35,-49.10,20713.62,1026.28,51069.19,13
2021-02-25 09:29:00,43.60,42.34,-49.10,20714.34,1026.86,51069.15,13
2021-02-25 09:30:00,43.61,42.33,-49.09,20715.18,1027.87,51069.26,13
2021-02-25 09:31:00,43.60,42.35,-49.11,20715.78,1027.83,51069.11,13
2021-02-25 09:32:00,43.60,42.34,-49.11,20716.74,1026.39,51068.71,13
2021-02-25 09:33:00,43.61,42.33,-49.16,20717.12,1026.67,51068.52,13
2021-02-25 09:34:00,43.61,42.34,-49.11,20719.39,1026.61,51068.84,13
2021-02-25 09:35:00,43.60,42.33,-49.11,20720.30,1026.75,51068.89,13
2021-02-25 09:36:00,43.60,42.35,-49.12,20720.73,1026.20,51068.63,13
2021-02-25 09:37:00,43.60,42.34,-49.13,20720.01,1025.82,51068.02,13
2021-02-25 09:38:00,43.60,42.34,-49.08,20720.33,1024.28,51067.97,13
2021-02-25 09:39:00,43.60,42.34,-49.11,20721.04,1024.08,51067.66,13
2021-02-25 09:40:00,43.61,42.35,-49.17,20721.52,1024.09,51067.53,13
2021-02-25 09:41:00,43.61,42.33,-49.11,20720.44,1025.29,51067.33,13
2021-02-25 09:42:00,43.61,42.32,-49.13,20719.93,1025.64,51067.00,13
2021-02-25 09:43:00,43.60,42.35,-49.11,20719.38,1026.01,51066.74,13
2021-02-25 09:44:00,43.60,42.33,-49.12,20719.58,1026.87,51066.64,13
2021-02-25 09:45:00,43.61,42.33,-49.10,20720.41,1027.75,51066.73,13
2021-02-25 09:46:00,43.60,42.33,-49.11,20721.64,1028.94,51066.76,13
2021-02-25 09:47:00,43.62,42.34,-49.09,20722.83,1030.07,51066.78,13
2021-02-25 09:48:00,43.60,42.34,-49.11,20723.69,1031.05,51066.86,13
2021-02-25 09:49:00,43.60,42.33,-49.10,20724.52,1030.97,51066.95,13
2021-02-25 09:50:00,43.61,42.35,-49.09,20725.32,1031.49,51066.88,13
2021-02-25 09:51:00,43.60,42.34,-49.11,20725.48,1032.08,51067.04,13
2021-02-25 09:52:00,43.60,42.34,-49.07,20725.57,1033.49,51066.42,13
2021-02-25 09:53:00,43.60,42.35,-49.11,20726.36,1033.67,51066.95,13
2021-02-25 09:54:00,43.59,42.33,-49.08,20726.98,1033.67,51066.44,13
2021-02-25 09:55:00,43.61,42.34,-49.16,20728.09,1034.38,51066.28,13
2021-02-25 09:56:00,43.59,42.34,-49.10,20728.45,1035.37,51067.04,13
2021-02-25 09:57:00,43.58,42.34,-49.10,20729.63,1036.09,51066.70,13
2021-02-25 09:58:00,43.60,42.35,-49.08,20730.00,1036.59,51067.07,13
2021-02-25 09:59:00,43.60,42.34,-49.13,20730.24,1036.19,51066.80,13
2021-02-25 10:00:00,43.59,42.34,-49.10,20728.80,1038.04,51066.74,13
2021-02-25 10:01:00,43.60,42.34,-49.13,20729.58,1038.75,51066.76,13
2021-02-25 10:02:00,43.61,42.34,-49.14,20729.89,1039.23,51067.00,13
2021-02-25 10:03:00,43.61,42.33,-49.10,20730.39,1041.23,51066.68,13
2021-02-25 10:04:00,43.61,42.34,-49.15,20730.70,1042.62,51066.64,13
2021-02-25 10:05:00,43.60,42.33,-49.09,20730.99,1043.39,51067.09,13
2021-02-25 10:06:00,43.60,42.33,-49.10,20731.40,1044.47,51067.82,13
2021-02-25 10:07:00,43.60,42.34,-49.07,20731.27,1045.47,51067.82,13
2021-02-25 10:08:00,43.60,42.34,-49.10,20731.03,1047.08,51067.32,13
2021-02-25 10:09:00,43.61,42.33,-49.11,20731.38,1047.11,51067.49,13
2021-02-25 10:10:00,43.61,42.35,-49.09,20731.33,1047.52,51067.76,13
2021-02-25 10:11:00,43.60,42.34,-49.13,20731.31,1048.29,51066.77,13
2021-02-25 10:12:00,43.60,42.33,-49.08,20731.17,1049.34,51067.00,13
2021-02-25 10:13:00,43.61,42.33,-49.10,20730.66,1050.50,51066.96,13
2021-02-25 10:14:00,43.61,42.33,-49.06,20730.43,1050.74,51066.76,13
2021-02-25 10:15:00,43.60,42.34,-49.10,20729.98,1050.67,51066.63,13
2021-02-25 10:16:00,43.60,42.34,-49.15,20729.37,1051.21,51066.37,13
2021-02-25 10:17:00,43.61,42.34,-49.10,20728.87,1051.68,51065.96,13
2021-02-25 10:18:00,43.60,42.33,-49.12,20728.14,1051.73,51065.90,13
2021-02-25 10:19:00,43.59,42.33,-49.13,20727.96,1051.35,51065.80,13
2021-02-25 10:20:00,43.61,42.33,-49.11,20727.90,1051.19,51065.88,13
2021-02-25 10:21:00,43.59,42.34,-49.08,20727.79,1051.25,51065.98,13
2021-02-25 10:22:00,43.59,42.34,-49.08,20726.72,1051.84,51065.95,13
2021-02-25 10:23:00,43.60,42.35,-49.10,20726.80,1052.63,51065.64,13
2021-02-25 10:24:00,43.60,42.35,-49.11,20726.32,1053.14,51065.52,13
2021-02-25 10:25:00,43.61,42.34,-49.11,20724.77,1053.21,51065.50,13
2021-02-25 10:26:00,43.61,42.33,-49.08,20724.56,1053.62,51065.47,13
2021-02-25 10:27:00,43.59,42.33,-49.05,20722.94,1055.16,51065.72,13
2021-02-25 10:28:00,43.60,42.34,-49.06,20722.95,1055.11,51065.63,13
2021-02-25 10:29:00,43.60,42.34,-49.08,20723.40,1054.96,51066.02,13
2021-02-25 10:30:00,43.62,42.33,-49.15,20723.58,1054.59,51065.98,13
2021-02-25 10:31:00,43.60,42.34,-49.11,20724.17,1054.77,51066.38,13
2021-02-25 10:32:00,43.60,42.33,-49.15,20724.95,1055.19,51067.12,13
2021-02-25 10:33:00,43.59,42.33,-49.10,20724.43,1055.08,51067.80,13
2021-02-25 10:34:00,43.61,42.35,-49.09,20723.39,1054.67,51068.36,13
2021-02-25 10:35:00,43.60,42.33,-49.09,20722.88,1054.70,51068.51,13
2021-02-25 10:36:00,43.61,42.34,-49.11,20722.76,1054.22,51068.71,13
2021-02-25 10:37:00,43.58,42.33,-49.13,20721.85,1053.35,51068.80,13
2021-02-25 10:38:00,43.60,42.33,-49.11,20721.06,1053.53,51069.04,13
2021-02-25 10:39:00,43.59,42.34,-49.08,20720.89,1053.59,51069.57,13
2021-02-25 10:40:00,43.59,42.35,-49.10,20720.18,1052.76,51069.91,13
2021-02-25 10:41:00,43.59,42.34,-49.11,20720.06,1053.32,51070.50,13
2021-02-25 10:42:00,43.60,42.34,-49.11,20720.15,1053.38,51071.14,13
2021-02-25 10:43:00,43.61,42.34,-49.06,20720.04,1054.43,51071.87,13
2021-02-25 10:44:00,43.59,42.33,-49.09,20719.69,1054.08,51072.30,13
2021-02-25 10:45:00,43.61,42.34,-49.06,20719.17,1053.84,51072.23,13
2021-02-25 10:46:00,43.59,42.34,-49.10,20718.09,1053.04,51072.51,13
2021-02-25 10:47:00,43.60,42.33,-49.08,20717.18,1052.39,51072.52,13
2021-02-25 10:48:00,43.60,42.34,-49.10,20715.36,1052.89,51072.68,13
2021-02-25 10:49:00,43.60,42.35,-49.14,20715.22,1052.85,51072.68,13
2021-02-25 10:50:00,43.59,42.35,-49.12,20715.75,1052.48,51073.16,13
2021-02-25 10:51:00,43.59,42.35,-49.10,20715.43,1053.24,51073.15,13
2021-02-25 10:52:00,43.60,42.33,-49.12,20714.76,1054.28,51073.44,13
2021-02-25 10:53:00,43.61,42.34,-49.06,20714.80,1054.16,51073.67,13
2021-02-25 10:54:00,43.60,42.33,-49.12,20714.91,1053.51,51074.26,13
2021-02-25 10:55:00,43.59,42.34,-49.10,20714.08,1053.94,51074.45,13
2021-02-25 10:56:00,43.61,42.34,-49.11,20714.70,1053.40,51074.79,13
2021-02-25 10:57:00,43.60,42.34,-49.10,20714.34,1053.21,51075.24,13
2021-02-25 10:58:00,43.60,42.35,-49.09,20714.26,1052.99,51076.16,13
2021-02-25 10:59:00,43.59,42.34,-49.12,20714.07,1052.83,51076.67,13
2021-02-25 11:00:00,43.60,42.34,-49.11,20714.32,1052.48,51076.96,13
2021-02-25 11:01:00,43.60,42.34,-49.10,20715.44,1052.31,51077.18,13
2021-02-25 11:02:00,43.60,42.34,-49.11,20715.21,1053.23,51077.63,13
2021-02-25 11:03:00,43.60,42.33,-49.10,20716.53,1053.54,51078.12,13
2021-02-25 11:04:00,43.60,42.34,-49.13,20717.90,1053.81,51078.62,13
2021-02-25 11:05:00,43.59,42.34,-49.11,20718.55,1054.01,51078.97,13
2021-02-25 11:06:00,43.60,42.33,-49.09,20719.33,1053.73,51079.49,13
2021-02-25 11:07:00,43.60,42.34,-49.09,20720.15,1053.40,51080.53,13
2021-02-25 11:08:00,43.59,42.34,-49.13,20720.87,1052.85,51080.16,13
2021-02-25 11:09:00,43.60,42.34,-49.13,20721.93,1052.53,51080.75,13
2021-02-25 11:10:00,43.61,42.34,-49.08,20723.24,1052.44,51080.92,13
2021-02-25 11:11:00,43.60,42.34,-49.13,20723.99,1052.14,51081.14,13
2021-02-25 11:12:00,43.60,42.34,-49.13,20724.50,1052.72,51081.31,13
2021-02-25 11:13:00,43.61,42.33,-49.07,20724.75,1052.27,51081.79,13
2021-02-25 11:14:00,43.59,42.34,-49.11,20725.59,1052.41,51081.89,13
2021-02-25 11:15:00,43.60,42.34,-49.08,20726.56,1052.90,51081.94,13
2021-02-25 11:16:00,43.61,42.33,-49.08,20726.88,1053.32,51082.22,13
2021-02-25 11:17:00,43.60,42.34,-49.13,20728.24,1053.35,51082.25,13
2021-02-25 11:18:00,43.59,42.33,-49.08,20728.65,1054.03,51082.63,13
2021-02-25 11:19:00,43.62,42.34,-49.12,20729.45,1054.51,51082.89,13
2021-02-25 11:20:00,43.60,42.33,-49.16,20730.01,1054.91,51082.88,13
2021-02-25 11:21:00,43.60,42.35,-49.12,20731.06,1055.15,51083.21,13
2021-02-25 11:22:00,43.59,42.33,-49.10,20731.59,1055.65,51083.60,13
2021-02-25 11:23:00,43.59,42.35,-49.13,20732.50,1055.76,51083.68,13
2021-02-25 11:24:00,43.59,42.34,-49.10,20733.04,1055.43,51083.64,13
2021-02-25 11:25:00,43.59,42.34,-49.11,20733.35,1054.75,51083.61,13
2021-02-25 11:26:00,43.61,42.35,-49.09,20733.58,1054.54,51083.67,13
2021-02-25 11:27:00,43.61,42.34,-49.08,20733.36,1054.22,51083.61,13
2021-02-25 11:28:00,43.61,42.34,-49.10,20733.57,1053.96,51083.79,13
2021-02-25 11:29:00,43.61,42.33,-49.12,20733.46,1053.78,51083.68,13
2021-02-25 11:30:00,43.61,42.34,-49.13,20733.48,1053.41,51083.53,13
2021-02-25 11:31:00,43.60,42.34,-49.08,20733.35,1053.80,51083.65,13
2021-02-25 11:32:00,43.59,42.34,-49.14,20733.42,1054.07,51083.35,13
2021-02-25 11:33:00,43.60,42.35,-49.08,20733.79,1054.73,51083.47,13
2021-02-25 11:34:00,43.60,42.33,-49.10,20733.99,1055.36,51083.26,13
2021-02-25 11:35:00,43.61,42.33,-49.10,20734.05,1056.13,51083.52,13
2021-02-25 11:36:00,43.60,42.34,-49.11,20734.38,1056.72,51083.23,13
2021-02-25 11:37:00,43.61,42.34,-49.05,20734.73,1057.03,51083.22,13
2021-02-25 11:38:00,43.59,42.34,-49.10,20734.93,1057.77,51083.19,13
2021-02-25 11:39:00,43.61,42.34,-49.10,20735.00,1057.97,51083.15,13
2021-02-25 11:40:00,43.61,42.34,-49.10,20735.14,1058.15,51083.10,13
2021-02-25 11:41:00,43.59,42.34,-49.11,20735.17,1058.69,51083.05,13
2021-02-25 11:42:00,43.61,42.33,-49.13,20735.55,1058.92,51083.12,13
2021-02-25 11:43:00,43.61,42.35,-49.10,20735.32,1059.72,51083.16,13
2021-02-25 11:44:00,43.61,42.34,-49.10,20735.19,1060.67,51083.05,13
2021-02-25 11:45:00,43.60,42.34,-49.08,20735.24,1060.85,51082.86,13
2021-02-25 11:46:00,43.61,42.33,-49.08,20735.44,1061.93,51083.06,13
2021-02-25 11:47:00,43.60,42.34,-49.08,20735.39,1062.86,51083.08,13
2021-02-25 11:48:00,43.61,42.35,-49.07,20735.85,1063.82,51083.00,13
2021-02-25 11:49:00,43.60,42.34,-49.10,20736.22,1064.66,51083.25,13
2021-02-25 11:50:00,43.60,42.33,-49.13,20736.76,1064.81,51083.02,13
2021-02-25 11:51:00,43.61,42.34,-49.10,20737.49,1064.96,51083.02,13
2021-02-25 11:52:00,43.60,42.33,-49.11,20737.65,1065.32,51083.01,13
2021-02-25 11:53:00,43.62,42.33,-49.10,20738.10,1065.68,51083.03,13
2021-02-25 11:54:00,43.60,42.34,-49.16,20738.42,1066.25,51083.26,13
2021-02-25 11:55:00,43.60,42.33,-49.11,20738.79,1066.46,51083.34,13
2021-02-25 11:56:00,43.60,42.34,-49.12,20739.08,1066.44,51083.51,13
2021-02-25 11:57:00,43.61,42.34,-49.14,20739.04,1065.47,51083.59,13
2021-02-25 11:58:00,43.61,42.35,-49.08,20738.96,1065.32,51083.59,13
2021-02-25 11:59:00,43.60,42.34,-49.11,20739.22,1064.99,51083.66,13
2021-02-25 12:00:00,43.60,42.35,-49.13,20739.93,1064.96,51083.59,13
2021-02-25 12:01:00,43.60,42.34,-49.14,20739.94,1065.11,51083.87,13
2021-02-25 12:02:00,43.60,42.34,-49.13,20741.05,1064.68,51083.81,13
2021-02-25 12:03:00,43.60,42.34,-49.08,20740.62,1062.89,51083.64,13
2021-02-25 12:04:00,43.60,42.34,-49.11,20739.71,1063.27,51083.72,13
2021-02-25 12:05:00,43.59,42.33,-49.14,20739.49,1062.67,51083.64,13
2021-02-25 12:06:00,43.61,42.33,-49.11,20738.69,1062.48,51083.73,13
2021-02-25 12:07:00,43.60,42.34,-49.15,20738.08,1061.92,51084.09,13
2021-02-25 12:08:00,43.60,42.33,-49.11,20737.18,1061.67,51084.38,13
2021-02-25 12:09:00,43.59,42.34,-49.13,20736.72,1061.80,51084.66,13
2021-02-25 12:10:00,43.60,42.35,-49.09,20736.59,1062.53,51085.03,13
2021-02-25 12:11:00,43.61,42.34,-49.10,20736.89,1061.93,51085.03,13
2021-02-25 12:12:00,43.60,42.34,-49.10,20737.04,1061.81,51085.21,13
2021-02-25 12:13:00,43.60,42.35,-49.06,20737.52,1062.42,51085.24,13
2021-02-25 12:14:00,43.59,42.34,-49.06,20737.43,1061.50,51085.79,13
2021-02-25 12:15:00,43.62,42.34,-49.05,20737.21,1060.96,51085.84,13
2021-02-25 12:16:00,43.60,42.35,-49.13,20737.36,1060.40,51085.95,13
2021-02-25 12:17:00,43.60,42.33,-49.09,20737.01,1060.16,51086.20,13
2021-02-25 12:18:00,43.60,42.34,-49.11,20736.73,1060.63,51086.53,13
2021-02-25 12:19:00,43.60,42.33,-49.12,20737.14,1059.90,51086.68,13
2021-02-25 12:20:00,43.60,42.34,-49.11,20736.61,1060.49,51086.92,13
2021-02-25 12:21:00,43.59,42.34,-49.18,20736.37,1060.04,51087.12,13
2021-02-25 12:22:00,43.59,42.34,-49.13,20736.27,1059.80,51087.19,13
2021-02-25 12:23:00,43.60,42.34,-49.11,20736.43,1059.32,51087.34,13
2021-02-25 12:24:00,43.60,42.33,-49.11,20736.29,1059.18,51087.43,13
2021-02-25 12:25:00,43.60,42.34,-49.06,20735.91,1059.05,51087.70,13
2021-02-25 12:26:00,43.59,42.35,-49.13,20735.84,1059.05,51087.89,13
2021-02-25 12:27:00,43.60,42.35,-49.06,20735.98,1058.54,51087.93,13
2021-02-25 12:28:00,43.61,42.33,-49.14,20735.59,1058.71,51088.57,13
2021-02-25 12:29:00,43.60,42.34,-49.08,20735.21,1058.28,51088.49,13
2021-02-25 12:30:00,43.60,42.34,-49.06,20735.14,1057.94,51088.82,13
2021-02-25 12:31:00,43.60,42.34,-49.12,20734.91,1057.48,51089.04,13
2021-02-25 12:32:00,43.61,42.34,-49.11,20735.00,1058.04,51089.60,13
2021-02-25 12:33:00,43.61,42.34,-49.13,20734.57,1058.60,51089.93,13
2021-02-25 12:34:00,43.60,42.34,-49.11,20734.35,1059.68,51090.33,13
2021-02-25 12:35:00,43.60,42.34,-49.11,20734.85,1060.76,51090.60,13
2021-02-25 12:36:00,43.60,42.34,-49.11,20735.77,1061.77,51090.86,13
2021-02-25 12:37:00,43.61,42.35,-49.12,20735.91,1062.05,51091.03,13
2021-02-25 12:38:00,43.60,42.35,-49.13,20736.72,1061.95,51091.11,13
2021-02-25 12:39:00,43.60,42.34,-49.12,20737.41,1061.85,51091.05,13
2021-02-25 12:40:00,43.59,42.34,-49.07,20738.09,1061.34,51090.73,13
2021-02-25 12:41:00,43.60,42.34,-49.11,20737.91,1061.19,51090.75,13
2021-02-25 12:42:00,43.60,42.33,-49.11,20737.89,1061.26,51090.69,13
2021-02-25 12:43:00,43.59,42.34,-49.14,20737.80,1060.21,51090.64,13
2021-02-25 12:44:00,43.59,42.34,-49.10,20737.22,1059.86,51090.43,13
2021-02-25 12:45:00,43.60,42.33,-49.11,20736.88,1059.25,51090.21,13
2021-02-25 12:46:00,43.59,42.34,-49.09,20736.76,1060.21,51090.30,13
2021-02-25 12:47:00,43.59,42.33,-49.13,20736.81,1061.25,51090.40,13
2021-02-25 12:48:00,43.60,42.34,-49.19,20736.70,1062.33,51090.67,13
2021-02-25 12:49:00,43.60,42.33,-49.13,20736.78,1062.26,51090.46,13
2021-02-25 12:50:00,43.61,42.33,-49.12,20736.82,1062.81,51090.70,13
2021-02-25 12:51:00,43.62,42.34,-49.15,20737.51,1062.73,51090.43,13
2021-02-25 12:52:00,43.60,42.34,-49.11,20737.67,1062.57,51090.33,13
2021-02-25 12:53:00,43.60,42.34,-49.07,20738.36,1062.77,51090.13,13
2021-02-25 12:54:00,43.61,42.33,-49.15,20738.63,1061.45,51089.75,13
2021-02-25 12:55:00,43.61,42.34,-49.11,20738.27,1059.93,51089.58,13
2021-02-25 12:56:00,43.61,42.35,-49.10,20737.59,1059.40,51089.67,13
2021-02-25 12:57:00,43.60,42.33,-49.12,20736.58,1059.25,51089.53,13
2021-02-25 12:58:00,43.59,42.34,-49.11,20736.24,1061.10,51089.62,13
2021-02-25 12:59:00,43.61,42.34,-49.07,20736.06,1062.63,51089.71,13
2021-02-25 13:00:00,43.60,42.33,-49.09,20735.75,1063.49,51089.92,13
2021-02-25 13:01:00,43.61,42.33,-49.08,20736.08,1063.83,51089.74,13
2021-02-25 13:02:00,43.61,42.34,-49.13,20736.27,1063.13,51089.66,13
2021-02-25 13:03:00,43.60,42.34,-49.16,20736.12,1063.32,51089.54,13
2021-02-25 13:04:00,43.61,42.34,-49.11,20736.30,1063.86,51089.71,13
2021-02-25 13:05:00,43.61,42.35,-49.10,20736.48,1065.05,51089.66,13
2021-02-25 13:06:00,43.61,42.34,-49.10,20736.82,1064.91,51089.48,13
2021-02-25 13:07:00,43.61,42.34,-49.07,20736.92,1064.86,51089.42,13
2021-02-25 13:08:00,43.61,42.34,-49.08,20737.18,1064.43,51089.36,13
2021-02-25 13:09:00,43.60,42.33,-49.10,20737.28,1065.22,51089.23,13
2021-02-25 13:10:00,43.60,42.34,-49.10,20737.27,1065.28,51089.28,13
2021-02-25 13:11:00,43.59,42.34,-49.11,20737.38,1065.19,51089.00,13
2021-02-25 13:12:00,43.59,42.34,-49.19,20737.23,1064.98,51088.83,13
2021-02-25 13:13:00,43.60,42.34,-49.10,20737.01,1064.61,51089.07,13
2021-02-25 13:14:00,43.59,42.34,-49.13,20736.40,1064.57,51089.30,13
2021-02-25 13:15:00,43.59,42.34,-49.10,20736.47,1064.58,51089.08,13
2021-02-25 13:16:00,43.59,42.34,-49.10,20736.45,1066.45,51089.34,13
2021-02-25 13:17:00,43.61,42.34,-49.14,20736.48,1065.78,51089.13,13
2021-02-25 13:18:00,43.60,42.35,-49.10,20737.18,1065.30,51088.80,13
2021-02-25 13:19:00,43.62,42.35,-49.09,20736.86,1065.19,51088.95,13
2021-02-25 13:20:00,43.60,42.33,-49.11,20736.55,1065.47,51088.77,13
2021-02-25 13:21:00,43.61,42.33,-49.10,20737.15,1063.90,51088.50,13
2021-02-25 13:22:00,43.59,42.34,-49.13,20736.75,1063.44,51088.37,13
2021-02-25 13:23:00,43.60,42.34,-49.10,20736.63,1064.31,51088.38,13
2021-02-25 13:24:00,43.60,42.33,-49.11,20737.07,1064.21,51088.53,13
2021-02-25 13:25:00,43.61,42.33,-49.07,20736.55,1063.24,51088.36,13
2021-02-25 13:26:00,43.61,42.33,-49.08,20736.31,1063.17,51088.32,13
2021-02-25 13:27:00,43.60,42.34,-49.12,20735.80,1061.97,51088.10,13
2021-02-25 13:28:00,43.60,42.35,-49.10,20735.29,1063.85,51088.41,13
2021-02-25 13:29:00,43.62,42.34,-49.08,20735.25,1063.69,51088.37,13
2021-02-25 13:30:00,43.60,42.34,-49.13,20734.81,1063.85,51088.54,13
2021-02-25 13:31:00,43.61,42.34,-49.06,20734.69,1064.78,51088.50,13
2021-02-25 13:32:00,43.60,42.34,-49.10,20734.44,1064.84,51088.41,13
2021-02-25 13:33:00,43.61,42.34,-49.11,20734.25,1064.82,51088.48,13
2021-02-25 13:34:00,43.59,42.34,-49.10,20734.59,1065.19,51088.43,13
2021-02-25 13:35:00,43.61,42.34,-49.13,20734.78,1064.84,51088.30,13
2021-02-25 13:36:00,43.61,42.34,-49.15,20734.61,1066.75,51088.50,13
2021-02-25 13:37:00,43.60,42.34,-49.08,20734.17,1066.72,51088.41,13
2021-02-25 13:38:00,43.60,42.34,-49.13,20733.87,1066.92,51088.38,13
2021-02-25 13:39:00,43.59,42.33,-49.13,20734.54,1066.44,51088.09,13
2021-02-25 13:40:00,43.60,42.33,-49.08,20733.67,1066.49,51088.21,13
2021-02-25 13:41:00,43.60,42.34,-49.11,20733.68,1066.66,51088.29,13
2021-02-25 13:42:00,43.60,42.34,-49.10,20732.89,1066.63,51088.24,13
2021-02-25 13:43:00,43.62,42.33,-49.09,20732.89,1066.80,51088.30,13
2021-02-25 13:44:00,43.60,42.34,-49.11,20732.65,1066.89,51088.19,13
2021-02-25 13:45:00,43.60,42.34,-49.11,20732.72,1068.67,51088.19,13
2021-02-25 13:46:00,43.60,42.34,-49.13,20732.23,1070.90,51088.01,13
2021-02-25 13:47:00,43.60,42.34,-49.10,20733.03,1071.61,51088.05,13
2021-02-25 13:48:00,43.60,42.35,-49.10,20733.82,1070.97,51087.84,13
2021-02-25 13:49:00,43.62,42.33,-49.08,20734.62,1071.15,51087.90,13
2021-02-25 13:50:00,43.59,42.33,-49.16,20734.88,1070.03,51087.60,13
2021-02-25 13:51:00,43.60,42.34,-49.09,20735.14,1069.51,51087.24,13
2021-02-25 13:52:00,43.60,42.33,-49.12,20734.67,1069.66,51087.66,13
2021-02-25 13:53:00,43.60,42.33,-49.09,20734.25,1069.11,51087.66,13
2021-02-25 13:54:00,43.60,42.33,-49.08,20733.74,1068.80,51087.68,13
2021-02-25 13:55:00,43.60,42.34,-49.10,20733.55,1068.23,51087.64,13
2021-02-25 13:56:00,43.60,42.33,-49.11,20732.97,1067.96,51087.29,13
2021-02-25 13:57:00,43.61,42.33,-49.08,20732.81,1068.15,51087.47,13
2021-02-25 13:58:00,43.60,42.34,-49.13,20732.89,1067.89,51087.10,13
2021-02-25 13:59:00,43.63,42.33,-49.13,20732.25,1068.05,51087.32,13
2021-02-25 14:00:00,43.61,42.35,-49.11,20732.32,1067.74,51087.44,13
2021-02-25 14:01:00,43.61,42.34,-49.11,20732.29,1067.80,51087.33,13
2021-02-25 14:02:00,43.62,42.35,-49.08,20732.31,1067.59,51087.37,13
2021-02-25 14:03:00,43.60,42.35,-49.17,20732.13,1068.32,51087.50,13
2021-02-25 14:04:00,43.60,42.35,-49.11,20731.69,1068.74,51087.29,13
2021-02-25 14:05:00,43.60,42.35,-49.11,20731.53,1068.41,51087.32,13
2021-02-25 14:06:00,43.60,42.33,-49.10,20731.84,1069.06,51087.32,13
2021-02-25 14:07:00,43.60,42.35,-49.11,20731.67,1068.88,51087.21,13
2021-02-25 14:08:00,43.60,42.34,-49.08,20731.55,1068.58,51087.07,13
2021-02-25 14:09:00,43.61,42.34,-49.06,20731.51,1068.22,51087.00,13
2021-02-25 14:10:00,43.59,42.34,-49.13,20731.41,1069.30,51087.19,13
2021-02-25 14:11:00,43.59,42.34,-49.08,20731.47,1068.47,51086.88,13
2021-02-25 14:12:00,43.60,42.34,-49.10,20731.16,1068.97,51087.10,13
2021-02-25 14:13:00,43.60,42.34,-49.11,20731.21,1069.39,51087.12,13
2021-02-25 14:14:00,43.60,42.34,-49.11,20731.45,1068.40,51087.03,13
2021-02-25 14:15:00,43.60,42.33,-49.13,20731.57,1068.43,51086.91,13
2021-02-25 14:16:00,43.60,42.35,-49.12,20731.23,1068.65,51086.85,13
2021-02-25 14:17:00,43.59,42.34,-49.10,20730.79,1069.06,51086.97,13
2021-02-25 14:18:00,43.60,42.35,-49.13,20730.38,1068.97,51086.90,13
2021-02-25 14:19:00,43.60,42.34,-49.08,20730.28,1069.63,51086.88,13
2021-02-25 14:20:00,43.61,42.34,-49.11,20730.39,1069.18,51086.86,13
2021-02-25 14:21:00,43.61,42.33,-49.08,20730.74,1068.71,51086.77,13
2021-02-25 14:22:00,43.60,42.33,-49.09,20730.85,1068.83,51086.71,13
2021-02-25 14:23:00,43.60,42.33,-49.15,20730.92,1068.30,51086.44,13
2021-02-25 14:24:00,43.61,42.34,-49.08,20730.94,1067.79,51086.40,13
2021-02-25 14:25:00,43.59,42.33,-49.10,20730.43,1068.24,51086.54,13
2021-02-25 14:26:00,43.60,42.34,-49.10,20730.13,1069.05,51086.66,13
2021-02-25 14:27:00,43.61,42.34,-49.13,20730.38,1069.45,51086.54,13
2021-02-25 14:28:00,43.60,42.32,-49.10,20730.12,1069.57,51086.58,13
2021-02-25 14:29:00,43.60,42.34,-49.08,20729.90,1069.10,51086.58,13
2021-02-25 14:30:00,43.59,42.33,-49.11,20729.85,1069.09,51086.47,13
2021-02-25 14:31:00,43.60,42.33,-49.17,20730.03,1069.18,51086.51,13
2021-02-25 14:32:00,43.60,42.34,-49.11,20729.91,1069.28,51086.31,13
2021-02-25 14:33:00,43.60,42.33,-49.06,20730.20,1068.63,51086.23,13
2021-02-25 14:34:00,43.60,42.34,-49.09,20729.97,1069.59,51086.31,13
2021-02-25 14:35:00,43.61,42.34,-49.11,20729.87,1069.60,51086.21,13
2021-02-25 14:36:00,43.59,42.34,-49.16,20729.78,1069.05,51086.07,13
2021-02-25 14:37:00,43.59,42.35,-49.08,20729.87,1068.70,51086.03,13
2021-02-25 14:38:00,43.60,42.34,-49.12,20729.49,1068.22,51086.05,13
2021-02-25 14:39:00,43.59,42.34,-49.11,20729.75,1068.22,51086.15,13
2021-02-25 14:40:00,43.60,42.33,-49.11,20729.51,1067.87,51086.13,13
2021-02-25 14:41:00,43.61,42.34,-49.12,20729.33,1067.85,51086.01,13
2021-02-25 14:42:00,43.60,42.33,-49.13,20729.08,1067.98,51086.07,13
2021-02-25 14:43:00,43.60,42.34,-49.14,20728.94,1067.73,51086.32,13
2021-02-25 14:44:00,43.60,42.34,-49.12,20728.52,1067.19,51086.13,13
2021-02-25 14:45:00,43.60,42.34,-49.11,20728.55,1067.62,51086.03,13
2021-02-25 14:46:00,43.59,42.34,-49.08,20728.00,1067.28,51085.96,13
2021-02-25 14:47:00,43.60,42.34,-49.10,20727.89,1067.85,51086.13,13
2021-02-25 14:48:00,43.61,42.34,-49.15,20727.92,1067.89,51086.09,13
2021-02-25 14:49:00,43.61,42.33,-49.11,20727.70,1067.54,51086.10,13
2021-02-25 14:50:00,43.61,42.33,-49.11,20727.38,1067.05,51085.84,13
2021-02-25 14:51:00,43.59,42.35,-49.10,20727.61,1066.84,51085.89,13
2021-02-25 14:52:00,43.61,42.34,-49.12,20727.44,1066.66,51085.71,13
2021-02-25 14:53:00,43.60,42.34,-49.11,20727.23,1065.73,51085.80,13
2021-02-25 14:54:00,43.59,42.33,-49.14,20726.77,1066.36,51085.76,13
2021-02-25 14:55:00,43.60,42.34,-49.10,20726.47,1066.59,51085.86,13
2021-02-25 14:56:00,43.59,42.35,-49.11,20726.58,1066.79,51085.84,13
2021-02-25 14:57:00,43.60,42.33,-49.15,20726.58,1066.29,51085.86,13
2021-02-25 14:58:00,43.60,42.33,-49.11,20727.01,1065.73,51085.93,13
2021-02-25 14:59:00,43.59,42.34,-49.08,20726.62,1065.70,51085.73,13
2021-02-25 15:00:00,43.61,42.34,-49.18,20726.47,1066.04,51085.89,13
2021-02-25 15:01:00,43.61,42.34,-49.12,20726.24,1066.30,51085.60,13
2021-02-25 15:02:00,43.59,42.33,-49.11,20726.18,1066.15,51085.79,13
2021-02-25 15:03:00,43.60,42.34,-49.12,20726.34,1065.80,51085.77,13
2021-02-25 15:04:00,43.60,42.34,-49.10,20726.47,1065.84,51085.87,13
2021-02-25 15:05:00,43.60,42.34,-49.12,20726.23,1065.84,51085.93,13
2021-02-25 15:06:00,43.60,42.34,-49.08,20725.92,1065.62,51085.67,13
2021-02-25 15:07:00,43.61,42.34,-49.13,20725.83,1065.08,51086.00,13
2021-02-25 15:08:00,43.61,42.35,-49.11,20725.75,1064.86,51085.77,13
2021-02-25 15:09:00,43.59,42.34,-49.07,20725.44,1065.21,51085.82,13
2021-02-25 15:10:00,43.62,42.34,-49.12,20725.55,1065.42,51085.86,13
2021-02-25 15:11:00,43.61,42.34,-49.06,20725.38,1066.09,51085.76,13
2021-02-25 15:12:00,43.60,42.33,-49.11,20725.49,1065.81,51085.81,13
2021-02-25 15:13:00,43.60,42.32,-49.11,20725.47,1065.54,51085.87,13
2021-02-25 15:14:00,43.60,42.33,-49.11,20725.25,1064.86,51085.50,13
2021-02-25 15:15:00,43.60,42.33,-49.13,20725.53,1064.94,51085.68,13
2021-02-25 15:16:00,43.61,42.35,-49.12,20725.92,1063.75,51085.57,13
2021-02-25 15:17:00,43.59,42.33,-49.10,20726.05,1062.73,51085.47,13
2021-02-25 15:18:00,43.59,42.34,-49.06,20725.21,1063.16,51085.76,13
2021-02-25 15:19:00,43.61,42.34,-49.08,20725.00,1063.52,51085.92,13
2021-02-25 15:20:00,43.60,42.33,-49.10,20724.62,1064.13,51085.92,13
2021-02-25 15:21:00,43.60,42.34,-49.08,20724.39,1064.29,51086.15,13
2021-02-25 15:22:00,43.61,42.34,-49.13,20724.12,1063.73,51086.01,13
2021-02-25 15:23:00,43.59,42.35,-49.11,20724.46,1064.12,51085.79,13
2021-02-25 15:24:00,43.59,42.35,-49.10,20724.52,1063.44,51085.90,13
2021-02-25 15:25:00,43.59,42.34,-49.13,20724.04,1063.38,51085.82,13
2021-02-25 15:26:00,43.60,42.34,-49.08,20724.23,1062.86,51085.89,13
2021-02-25 15:27:00,43.60,42.34,-49.13,20724.42,1063.49,51085.86,13
2021-02-25 15:28:00,43.59,42.35,-49.10,20723.92,1063.31,51085.90,13
2021-02-25 15:29:00,43.60,42.33,-49.11,20723.59,1063.14,51085.58,13
2021-02-25 15:30:00,43.60,42.34,-49.10,20723.38,1063.30,51085.93,13
2021-02-25 15:31:00,43.60,42.34,-49.11,20723.38,1063.02,51085.84,13
2021-02-25 15:32:00,43.61,42.35,-49.11,20723.33,1063.83,51085.94,13
2021-02-25 15:33:00,43.60,42.34,-49.08,20723.64,1064.84,51085.81,13
2021-02-25 15:34:00,43.61,42.34,-49.08,20722.72,1064.78,51085.71,13
2021-02-25 15:35:00,43.60,42.35,-49.13,20723.74,1062.60,51085.28,13
2021-02-25 15:36:00,43.61,42.35,-49.11,20721.67,1063.79,51085.61,13
2021-02-25 15:37:00,43.60,42.33,-49.12,20721.04,1066.80,51085.86,13
2021-02-25 15:38:00,43.59,42.33,-49.09,20721.74,1069.70,51085.83,13
2021-02-25 15:39:00,43.60,42.34,-49.10,20719.99,1066.29,51084.97,13
2021-02-25 15:40:00,43.59,42.34,-49.13,20718.27,1064.55,51084.96,13
2021-02-25 15:41:00,43.60,42.33,-49.11,20715.32,1070.04,51085.43,13
2021-02-25 15:42:00,43.61,42.33,-49.08,20714.47,1070.99,51084.95,13
2021-02-25 15:43:00,43.59,42.34,-49.10,20711.65,1070.55,51085.28,13
2021-02-25 15:44:00,43.60,42.33,-49.13,20714.42,1066.89,51085.20,13
2021-02-25 15:45:00,43.60,42.33,-49.11,20718.54,1062.50,51084.32,13
2021-02-25 15:46:00,43.59,42.35,-49.11,20722.50,1063.01,51084.51,13
2021-02-25 15:47:00,43.60,42.34,-49.08,20721.56,1062.41,51084.69,13
2021-02-25 15:48:00,43.59,42.33,-49.12,20718.86,1063.75,51085.58,13
2021-02-25 15:49:00,43.60,42.34,-49.10,20719.53,1065.78,51085.27,13
2021-02-25 15:50:00,43.61,42.34,-49.10,20717.57,1067.51,51084.84,13
2021-02-25 15:51:00,43.58,42.33,-49.08,20719.17,1062.79,51084.30,13
2021-02-25 15:52:00,43.60,42.34,-49.11,20720.00,1063.07,51084.65,13
2021-02-25 15:53:00,43.61,42.33,-49.11,20721.56,1059.20,51084.13,13
2021-02-25 15:54:00,43.60,42.34,-49.11,20720.73,1059.86,51084.12,13
2021-02-25 15:55:00,43.59,42.34,-49.10,20719.70,1062.29,51084.50,13
2021-02-25 15:56:00,43.59,42.34,-49.10,20720.33,1061.11,51084.24,13
2021-02-25 15:57:00,43.58,42.33,-49.10,20719.21,1060.70,51084.19,13
2021-02-25 15:58:00,43.62,42.33,-49.08,20719.38,1061.80,51084.47,13
2021-02-25 15:59:00,43.60,42.33,-49.15,20718.57,1062.41,51084.51,13
2021-02-25 16:00:00,43.61,42.33,-49.13,20719.48,1063.31,51084.24,13
2021-02-25 16:01:00,43.60,42.34,-49.09,20720.12,1062.28,51083.49,13
2021-02-25 16:02:00,43.59,42.33,-49.11,20719.68,1062.35,51083.53,13
2021-02-25 16:03:00,43.60,42.34,-49.07,20719.05,1063.04,51083.58,13
2021-02-25 16:04:00,43.59,42.34,-49.09,20718.40,1062.48,51083.45,13
2021-02-25 16:05:00,43.61,42.34,-49.11,20718.15,1062.14,51082.81,13
2021-02-25 16:06:00,43.59,42.35,-49.09,20718.68,1063.89,51083.23,13
2021-02-25 16:07:00,43.61,42.34,-49.14,20718.80,1062.33,51083.18,13
2021-02-25 16:08:00,43.59,42.35,-49.10,20719.35,1062.41,51083.32,13
2021-02-25 16:09:00,43.59,42.33,-49.08,20718.63,1063.44,51082.42,13
2021-02-25 16:10:00,43.61,42.33,-49.10,20718.50,1062.11,51082.37,13
2021-02-25 16:11:00,43.60,42.34,-49.08,20717.69,1060.78,51082.30,13
2021-02-25 16:12:00,43.61,42.35,-49.14,20718.48,1059.63,51082.03,13
2021-02-25 16:13:00,43.60,42.35,-49.09,20717.71,1058.60,51082.88,13
2021-02-25 16:14:00,43.60,42.34,-49.10,20718.02,1057.47,51082.63,13
2021-02-25 16:15:00,43.60,42.33,-49.10,20717.90,1057.35,51081.85,13
2021-02-25 16:16:00,43.59,42.34,-49.08,20717.62,1057.03,51082.59,13
2021-02-25 16:17:00,43.61,42.34,-49.11,20717.02,1056.24,51082.51,13
2021-02-25 16:18:00,43.59,42.34,-49.10,20717.21,1055.15,51081.92,13
2021-02-25 16:19:00,43.59,42.34,-49.11,20716.90,1055.69,51081.70,13
2021-02-25 16:20:00,43.60,42.34,-49.09,20716.48,1055.25,51082.43,13
2021-02-25 16:21:00,43.59,42.34,-49.08,20716.04,1055.21,51082.15,13
2021-02-25 16:22:00,43.60,42.33,-49.11,20715.73,1055.24,51082.34,13
2021-02-25 16:23:00,43.61,42.34,-49.10,20714.39,1056.35,51082.15,13
2021-02-25 16:24:00,43.59,42.34,-49.14,20714.59,1055.48,51082.16,13
2021-02-25 16:25:00,43.61,42.34,-49.08,20714.34,1055.64,51081.90,13
2021-02-25 16:26:00,43.59,42.33,-49.11,20714.26,1056.14,51081.89,13
2021-02-25 16:27:00,43.59,42.33,-49.10,20714.40,1056.46,51081.61,13
2021-02-25 16:28:00,43.59,42.34,-49.14,20714.34,1056.89,51081.61,13
2021-02-25 16:29:00,43.59,42.35,-49.05,20713.56,1056.49,51081.46,13
2021-02-25 16:30:00,43.61,42.33,-49.11,20712.84,1055.98,51081.32,13
2021-02-25 16:31:00,43.60,42.35,-49.11,20714.00,1055.72,51080.99,13
2021-02-25 16:32:00,43.60,42.34,-49.15,20713.73,1052.62,51080.88,13
2021-02-25 16:33:00,43.61,42.33,-49.10,20711.59,1053.18,51081.03,13
2021-02-25 16:34:00,43.60,42.34,-49.11,20711.55,1051.29,51081.27,13
2021-02-25 16:35:00,43.58,42.33,-49.10,20710.65,1054.77,51081.33,13
2021-02-25 16:36:00,43.59,42.33,-49.08,20711.50,1053.26,51080.99,13
2021-02-25 16:37:00,43.62,42.34,-49.12,20711.76,1051.45,51080.71,13
2021-02-25 16:38:00,43.60,42.33,-49.06,20711.47,1050.84,51080.88,13
2021-02-25 16:39:00,43.60,42.35,-49.10,20710.65,1050.16,51080.85,13
2021-02-25 16:40:00,43.60,42.34,-49.08,20710.68,1049.97,51080.90,13
2021-02-25 16:41:00,43.61,42.34,-49.13,20709.55,1048.70,51080.84,13
2021-02-25 16:42:00,43.60,42.34,-49.11,20708.59,1049.08,51081.62,13
2021-02-25 16:43:00,43.61,42.35,-49.18,20708.64,1048.97,51081.35,13
2021-02-25 16:44:00,43.60,42.34,-49.16,20708.22,1048.88,51081.01,13
2021-02-25 16:45:00,43.59,42.34,-49.12,20707.84,1048.39,51081.04,13
2021-02-25 16:46:00,43.60,42.34,-49.13,20707.63,1049.07,51081.04,13
2021-02-25 16:47:00,43.61,42.35,-49.08,20707.43,1048.41,51080.64,13
2021-02-25 16:48:00,43.60,42.34,-49.10,20706.67,1048.27,51081.55,13
2021-02-25 16:49:00,43.59,42.34,-49.10,20706.23,1048.65,51081.52,13
2021-02-25 16:50:00,43.60,42.34,-49.11,20706.18,1048.39,51080.83,13
2021-02-25 16:51:00,43.60,42.33,-49.08,20706.30,1048.50,51081.39,13
2021-02-25 16:52:00,43.60,42.33,-49.15,20705.95,1047.35,51081.40,13
2021-02-25 16:53:00,43.60,42.35,-49.08,20706.00,1046.65,51080.70,13
2021-02-25 16:54:00,43.60,42.32,-49.11,20706.48,1046.49,51080.58,13
2021-02-25 16:55:00,43.60,42.33,-49.08,20705.25,1045.92,51081.16,13
2021-02-25 16:56:00,43.61,42.33,-49.11,20705.57,1045.97,51081.33,13
2021-02-25 16:57:00,43.61,42.34,-49.09,20706.49,1045.00,51080.73,13
2021-02-25 16:58:00,43.59,42.34,-49.10,20706.61,1043.65,51081.00,13
2021-02-25 16:59:00,43.60,42.33,-49.16,20704.43,1044.66,51081.10,13
2021-02-25 17:00:00,43.60,42.33,-49.08,20703.25,1044.81,51081.56,13
2021-02-25 17:01:00,43.60,42.35,-49.11,20703.59,1045.37,51081.44,13
2021-02-25 17:02:00,43.60,42.33,-49.06,20703.91,1043.97,51081.29,13
2021-02-25 17:03:00,43.59,42.34,-49.12,20703.04,1044.15,51081.11,13
2021-02-25 17:04:00,43.61,42.34,-49.12,20703.34,1041.00,51081.32,13
2021-02-25 17:05:00,43.60,42.34,-49.10,20702.92,1042.27,51081.51,13
2021-02-25 17:06:00,43.61,42.33,-49.10,20703.11,1040.91,51081.66,13
2021-02-25 17:07:00,43.62,42.35,-49.15,20702.49,1040.76,51081.90,13
2021-02-25 17:08:00,43.60,42.33,-49.10,20703.39,1039.12,51081.79,13
2021-02-25 17:09:00,43.60,42.33,-49.10,20703.42,1039.52,51081.74,13
2021-02-25 17:10:00,43.61,42.34,-49.07,20702.94,1037.66,51081.85,13
2021-02-25 17:11:00,43.61,42.33,-49.10,20702.19,1037.34,51082.22,13
2021-02-25 17:12:00,43.61,42.33,-49.12,20700.50,1039.02,51082.60,13
2021-02-25 17:13:00,43.61,42.34,-49.07,20699.07,1038.37,51082.61,13
2021-02-25 17:14:00,43.60,42.34,-49.07,20698.93,1037.93,51082.75,13
2021-02-25 17:15:00,43.61,42.34,-49.08,20698.54,1038.27,51083.03,13
2021-02-25 17:16:00,43.60,42.34,-49.08,20698.40,1039.00,51082.87,13
2021-02-25 17:17:00,43.59,42.34,-49.08,20697.84,1038.48,51082.96,13
2021-02-25 17:18:00,43.61,42.34,-49.10,20697.38,1039.73,51082.81,13
2021-02-25 17:19:00,43.60,42.33,-49.07,20697.25,1038.03,51082.63,13
2021-02-25 17:20:00,43.59,42.33,-49.12,20696.43,1037.45,51082.99,13
2021-02-25 17:21:00,43.60,42.34,-49.08,20695.58,1037.23,51083.07,13
2021-02-25 17:22:00,43.60,42.34,-49.09,20693.71,1038.35,51083.07,13
2021-02-25 17:23:00,43.60,42.35,-49.10,20692.11,1037.82,51083.07,13
2021-02-25 17:24:00,43.59,42.34,-49.14,20691.69,1037.16,51082.93,13
2021-02-25 17:25:00,43.60,42.34,-49.10,20691.15,1036.92,51083.21,13
2021-02-25 17:26:00,43.59,42.34,-49.10,20690.21,1035.10,51083.14,13
2021-02-25 17:27:00,43.61,42.34,-49.11,20688.99,1035.50,51083.32,13
2021-02-25 17:28:00,43.60,42.34,-49.07,20688.79,1035.13,51083.35,13
2021-02-25 17:29:00,43.60,42.34,-49.13,20688.88,1033.20,51083.01,13
2021-02-25 17:30:00,43.59,42.34,-49.11,20688.40,1032.97,51083.48,13
2021-02-25 17:31:00,43.61,42.34,-49.11,20687.82,1032.53,51083.34,13
2021-02-25 17:32:00,43.61,42.34,-49.13,20686.73,1032.10,51083.49,13
2021-02-25 17:33:00,43.60,42.34,-49.09,20686.96,1030.26,51083.44,13
2021-02-25 17:34:00,43.60,42.34,-49.06,20687.67,1029.46,51083.58,13
2021-02-25 17:35:00,43.60,42.34,-49.12,20688.62,1028.46,51083.66,13
2021-02-25 17:36:00,43.60,42.33,-49.12,20687.79,1030.10,51084.32,13
2021-02-25 17:37:00,43.61,42.35,-49.08,20687.51,1029.61,51084.32,13
2021-02-25 17:38:00,43.60,42.34,-49.15,20685.47,1030.66,51084.68,13
2021-02-25 17:39:00,43.59,42.34,-49.08,20685.01,1031.20,51084.59,13
2021-02-25 17:40:00,43.60,42.34,-49.08,20686.08,1028.72,51084.37,13
2021-02-25 17:41:00,43.60,42.33,-49.10,20687.88,1028.54,51084.06,13
2021-02-25 17:42:00,43.61,42.34,-49.11,20688.28,1026.33,51084.24,13
2021-02-25 17:43:00,43.61,42.34,-49.08,20689.57,1025.71,51084.13,13
2021-02-25 17:44:00,43.60,42.33,-49.13,20689.03,1027.36,51084.70,13
2021-02-25 17:45:00,43.59,42.33,-49.10,20688.06,1028.39,51084.65,13
2021-02-25 17:46:00,43.59,42.34,-49.14,20686.93,1027.68,51084.70,13
2021-02-25 17:47:00,43.59,42.34,-49.16,20687.53,1025.95,51084.57,13
2021-02-25 17:48:00,43.60,42.34,-49.11,20688.10,1024.07,51084.57,13
2021-02-25 17:49:00,43.60,42.34,-49.10,20687.67,1024.25,51084.85,13
2021-02-25 17:50:00,43.60,42.34,-49.08,20687.40,1025.31,51085.23,13
2021-02-25 17:51:00,43.60,42.34,-49.11,20687.34,1027.09,51085.24,13
2021-02-25 17:52:00,43.61,42.34,-49.11,20685.19,1026.64,51085.22,13
2021-02-25 17:53:00,43.60,42.34,-49.11,20685.41,1025.44,51085.66,13
2021-02-25 17:54:00,43.60,42.34,-49.09,20684.85,1024.64,51085.75,13
2021-02-25 17:55:00,43.60,42.34,-49.09,20685.67,1023.94,51085.61,13
2021-02-25 17:56:00,43.59,42.35,-49.12,20686.07,1024.62,51085.93,13
2021-02-25 17:57:00,43.61,42.34,-49.09,20686.21,1023.91,51086.19,13
2021-02-25 17:58:00,43.60,42.34,-49.10,20685.75,1024.55,51086.21,13
2021-02-25 17:59:00,43.60,42.33,-49.10,20685.69,1024.20,51085.94,13
2021-02-25 18:00:00,43.60,42.33,-49.10,20685.38,1023.12,51085.74,13
2021-02-25 18:01:00,43.60,42.34,-49.09,20685.14,1022.18,51085.44,13
2021-02-25 18:02:00,43.60,42.33,-49.09,20686.09,1021.06,51085.63,13
2021-02-25 18:03:00,43.61,42.34,-49.11,20686.45,1020.75,51086.08,13
2021-02-25 18:04:00,43.60,42.34,-49.11,20686.88,1020.58,51086.59,13
2021-02-25 18:05:00,43.60,42.34,-49.10,20684.84,1023.53,51087.29,13
2021-02-25 18:06:00,43.60,42.33,-49.10,20683.52,1024.47,51087.44,13
2021-02-25 18:07:00,43.60,42.34,-49.10,20685.23,1022.45,51087.27,13
2021-02-25 18:08:00,43.61,42.34,-49.08,20686.84,1022.71,51087.38,13
2021-02-25 18:09:00,43.60,42.33,-49.12,20687.05,1022.20,51087.58,13
2021-02-25 18:10:00,43.59,42.35,-49.09,20686.52,1023.25,51088.02,13
2021-02-25 18:11:00,43.59,42.33,-49.12,20687.37,1021.92,51087.85,13
2021-02-25 18:12:00,43.60,42.35,-49.11,20687.63,1020.55,51087.73,13
2021-02-25 18:13:00,43.61,42.35,-49.06,20688.48,1020.25,51087.92,13
2021-02-25 18:14:00,43.59,42.34,-49.13,20688.64,1020.45,51088.15,13
2021-02-25 18:15:00,43.58,42.34,-49.12,20688.12,1020.82,51088.22,13
2021-02-25 18:16:00,43.59,42.33,-49.13,20688.09,1020.08,51088.28,13
2021-02-25 18:17:00,43.59,42.33,-49.09,20688.17,1019.02,51088.50,13
2021-02-25 18:18:00,43.61,42.34,-49.13,20688.95,1018.08,51088.60,13
2021-02-25 18:19:00,43.58,42.34,-49.13,20688.96,1019.11,51088.51,13
2021-02-25 18:20:00,43.60,42.34,-49.08,20689.04,1019.51,51088.50,13
2021-02-25 18:21:00,43.60,42.35,-49.11,20689.64,1020.08,51088.56,13
2021-02-25 18:22:00,43.59,42.33,-49.11,20690.81,1018.46,51088.31,13
2021-02-25 18:23:00,43.59,42.34,-49.13,20691.68,1017.33,51088.41,13
2021-02-25 18:24:00,43.61,42.34,-49.08,20691.97,1016.98,51088.64,13
2021-02-25 18:25:00,43.61,42.35,-49.11,20691.65,1017.94,51088.93,13
2021-02-25 18:26:00,43.59,42.34,-49.11,20691.94,1017.35,51088.87,13
2021-02-25 18:27:00,43.60,42.35,-49.10,20692.58,1017.32,51089.06,13
2021-02-25 18:28:00,43.61,42.34,-49.08,20693.11,1017.98,51089.07,13
2021-02-25 18:29:00,43.60,42.34,-49.08,20694.24,1016.01,51089.07,13
2021-02-25 18:30:00,43.60,42.33,-49.09,20693.10,1017.46,51089.32,13
2021-02-25 18:31:00,43.60,42.34,-49.12,20693.69,1017.52,51089.26,13
2021-02-25 18:32:00,43.61,42.34,-49.11,20694.29,1016.63,51089.30,13
2021-02-25 18:33:00,43.60,42.33,-49.11,20694.65,1016.00,51089.66,13
2021-02-25 18:34:00,43.60,42.34,-49.10,20694.29,1016.38,51089.74,13
2021-02-25 18:35:00,43.59,42.34,-49.11,20694.30,1016.17,51089.77,13
2021-02-25 18:36:00,43.59,42.34,-49.11,20694.47,1016.44,51089.79,13
2021-02-25 18:37:00,43.61,42.35,-49.09,20694.25,1015.74,51089.84,13
2021-02-25 18:38:00,43.60,42.34,-49.08,20694.36,1016.29,51089.84,13
2021-02-25 18:39:00,43.59,42.34,-49.13,20695.05,1016.43,51089.86,13
2021-02-25 18:40:00,43.61,42.33,-49.11,20695.64,1015.15,51089.84,13
2021-02-25 18:41:00,43.60,42.33,-49.07,20695.68,1014.25,51089.86,13
2021-02-25 18:42:00,43.59,42.34,-49.08,20695.83,1014.93,51089.97,13
2021-02-25 18:43:00,43.60,42.34,-49.12,20696.77,1014.82,51089.92,13
2021-02-25 18:44:00,43.59,42.34,-49.13,20697.07,1013.55,51089.86,13
2021-02-25 18:45:00,43.59,42.34,-49.10,20697.18,1012.48,51089.60,13
2021-02-25 18:46:00,43.61,42.34,-49.11,20696.81,1013.10,51089.84,13
2021-02-25 18:47:00,43.60,42.33,-49.13,20696.39,1013.07,51089.86,13
2021-02-25 18:48:00,43.60,42.34,-49.13,20696.20,1012.79,51089.73,13
2021-02-25 18:49:00,43.59,42.34,-49.10,20695.29,1013.58,51089.97,13
2021-02-25 18:50:00,43.60,42.34,-49.15,20696.13,1013.08,51089.80,13
2021-02-25 18:51:00,43.61,42.35,-49.08,20695.99,1013.92,51089.85,13
2021-02-25 18:52:00,43.61,42.33,-49.10,20698.00,1012.42,51089.35,13
2021-02-25 18:53:00,43.60,42.34,-49.13,20698.18,1011.36,51089.19,13
2021-02-25 18:54:00,43.60,42.34,-49.11,20698.66,1011.59,51089.43,13
2021-02-25 18:55:00,43.61,42.34,-49.11,20699.44,1011.33,51089.35,13
2021-02-25 18:56:00,43.60,42.34,-49.10,20699.72,1011.61,51089.39,13
2021-02-25 18:57:00,43.61,42.34,-49.10,20699.79,1012.11,51089.12,13
2021-02-25 18:58:00,43.61,42.34,-49.10,20699.24,1011.13,51088.94,13
2021-02-25 18:59:00,43.60,42.34,-49.13,20699.54,1011.00,51089.25,13
2021-02-25 19:00:00,43.59,42.34,-49.12,20700.86,1010.99,51088.91,13
2021-02-25 19:01:00,43.60,42.33,-49.10,20701.25,1010.78,51088.95,13
2021-02-25 19:02:00,43.60,42.35,-49.13,20701.48,1011.23,51088.81,13
2021-02-25 19:03:00,43.61,42.33,-49.12,20702.25,1011.50,51088.70,13
2021-02-25 19:04:00,43.60,42.33,-49.12,20702.28,1011.47,51088.73,13
2021-02-25 19:05:00,43.60,42.33,-49.11,20702.72,1010.47,51088.53,13
2021-02-25 19:06:00,43.60,42.34,-49.07,20703.35,1010.36,51088.40,13
2021-02-25 19:07:00,43.60,42.33,-49.12,20703.52,1010.78,51088.21,13
2021-02-25 19:08:00,43.59,42.34,-49.08,20704.26,1010.74,51088.01,13
2021-02-25 19:09:00,43.60,42.34,-49.13,20705.13,1011.47,51088.04,13
2021-02-25 19:10:00,43.60,42.33,-49.08,20705.03,1011.37,51087.93,13
2021-02-25 19:11:00,43.60,42.33,-49.11,20705.01,1011.85,51087.91,13
2021-02-25 19:12:00,43.61,42.34,-49.11,20705.15,1012.43,51087.71,13
2021-02-25 19:13:00,43.61,42.34,-49.08,20706.39,1012.35,51087.60,13
2021-02-25 19:14:00,43.60,42.33,-49.11,20706.92,1010.99,51087.29,13
2021-02-25 19:15:00,43.58,42.34,-49.10,20707.91,1012.07,51087.11,13
2021-02-25 19:16:00,43.60,42.34,-49.12,20708.06,1012.90,51087.01,13
2021-02-25 19:17:00,43.59,42.34,-49.10,20708.53,1012.47,51086.77,13
2021-02-25 19:18:00,43.58,42.34,-49.11,20709.82,1011.61,51086.65,13
2021-02-25 19:19:00,43.60,42.34,-49.09,20710.53,1012.94,51086.78,13
2021-02-25 19:20:00,43.59,42.33,-49.09,20711.08,1013.09,51086.34,13
2021-02-25 19:21:00,43.61,42.32,-49.10,20710.19,1013.15,51086.48,13
2021-02-25 19:22:00,43.61,42.33,-49.13,20711.06,1013.16,51086.22,13
2021-02-25 19:23:00,43.61,42.33,-49.13,20711.65,1013.34,51086.14,13
2021-02-25 19:24:00,43.60,42.34,-49.11,20712.15,1013.32,51086.12,13
2021-02-25 19:25:00,43.59,42.34,-49.11,20712.20,1014.89,51085.49,13
2021-02-25 19:26:00,43.59,42.34,-49.09,20711.55,1014.40,51085.79,13
2021-02-25 19:27:00,43.60,42.34,-49.09,20712.04,1014.30,51085.73,13
2021-02-25 19:28:00,43.60,42.33,-49.12,20712.64,1015.22,51085.74,13
2021-02-25 19:29:00,43.60,42.34,-49.12,20713.11,1015.64,51085.20,13
2021-02-25 19:30:00,43.59,42.34,-49.12,20714.24,1013.79,51085.03,13
2021-02-25 19:31:00,43.61,42.32,-49.06,20714.32,1013.86,51085.07,13
2021-02-25 19:32:00,43.58,42.34,-49.11,20714.63,1013.63,51084.91,13
2021-02-25 19:33:00,43.61,42.33,-49.11,20714.59,1014.31,51085.45,13
2021-02-25 19:34:00,43.60,42.33,-49.10,20713.82,1014.27,51085.80,13
2021-02-25 19:35:00,43.60,42.34,-49.11,20714.25,1014.03,51085.08,13
2021-02-25 19:36:00,43.60,42.34,-49.11,20712.59,1015.08,51085.80,13
2021-02-25 19:37:00,43.61,42.34,-49.13,20712.51,1014.30,51085.50,13
2021-02-25 19:38:00,43.60,42.34,-49.10,20713.12,1013.64,51085.87,13
2021-02-25 19:39:00,43.60,42.33,-49.11,20715.92,1013.10,51084.92,13
2021-02-25 19:40:00,43.59,42.34,-49.10,20717.32,1012.96,51085.42,13
2021-02-25 19:41:00,43.59,42.33,-49.12,20718.67,1013.65,51085.22,13
2021-02-25 19:42:00,43.60,42.34,-49.08,20716.80,1013.88,51085.18,13
2021-02-25 19:43:00,43.61,42.34,-49.13,20716.45,1014.37,51085.03,13
2021-02-25 19:44:00,43.60,42.33,-49.11,20716.97,1014.14,51085.29,13
2021-02-25 19:45:00,43.60,42.34,-49.08,20717.39,1014.92,51085.66,13
2021-02-25 19:46:00,43.59,42.34,-49.13,20716.89,1015.15,51085.54,13
2021-02-25 19:47:00,43.61,42.34,-49.08,20717.75,1013.99,51085.57,13
2021-02-25 19:48:00,43.60,42.33,-49.06,20717.73,1014.30,51085.56,13
2021-02-25 19:49:00,43.60,42.34,-49.06,20718.04,1014.27,51085.63,13
2021-02-25 19:50:00,43.60,42.34,-49.13,20717.46,1014.18,51086.47,13
2021-02-25 19:51:00,43.61,42.34,-49.11,20717.59,1014.31,51086.40,13
2021-02-25 19:52:00,43.61,42.34,-49.13,20719.51,1013.36,51086.34,13
2021-02-25 19:53:00,43.60,42.35,-49.12,20720.80,1011.71,51086.65,13
2021-02-25 19:54:00,43.61,42.34,-49.08,20721.43,1011.50,51086.69,13
2021-02-25 19:55:00,43.60,42.35,-49.15,20722.33,1011.67,51086.62,13
2021-02-25 19:56:00,43.59,42.33,-49.08,20722.63,1011.34,51086.75,13
2021-02-25 19:57:00,43.60,42.34,-49.12,20723.07,1010.22,51086.88,13
2021-02-25 19:58:00,43.60,42.34,-49.15,20722.93,1010.47,51087.08,13
2021-02-25 19:59:00,43.61,42.34,-49.10,20723.49,1010.47,51087.12,13
2021-02-25 20:00:00,43.60,42.34,-49.10,20723.66,1010.30,51087.01,13
2021-02-25 20:01:00,43.60,42.34,-49.08,20724.54,1010.02,51087.08,13
2021-02-25 20:02:00,43.59,42.35,-49.09,20724.29,1011.29,51087.30,13
2021-02-25 20:03:00,43.59,42.34,-49.09,20724.84,1010.51,51087.23,13
2021-02-25 20:04:00,43.60,42.34,-49.10,20723.97,1009.76,51087.31,13
2021-02-25 20:05:00,43.59,42.34,-49.13,20722.91,1009.49,51087.64,13
2021-02-25 20:06:00,43.60,42.33,-49.09,20722.45,1010.21,51087.80,13
2021-02-25 20:07:00,43.60,42.34,-49.13,20722.55,1011.23,51087.85,13
2021-02-25 20:08:00,43.60,42.35,-49.13,20725.09,1011.17,51087.78,13
2021-02-25 20:09:00,43.61,42.35,-49.10,20725.20,1010.23,51087.50,13
2021-02-25 20:10:00,43.60,42.34,-49.11,20724.65,1009.89,51087.57,13
2021-02-25 20:11:00,43.60,42.34,-49.11,20723.91,1010.16,51087.77,13
2021-02-25 20:12:00,43.59,42.34,-49.11,20722.87,1010.97,51088.11,13
2021-02-25 20:13:00,43.61,42.34,-49.10,20723.26,1010.56,51087.97,13
2021-02-25 20:14:00,43.60,42.33,-49.08,20723.48,1010.04,51087.85,13
2021-02-25 20:15:00,43.61,42.34,-49.09,20724.45,1009.19,51088.05,13
2021-02-25 20:16:00,43.60,42.34,-49.12,20724.66,1009.19,51088.14,13
2021-02-25 20:17:00,43.59,42.35,-49.06,20724.49,1009.06,51088.30,13
2021-02-25 20:18:00,43.60,42.33,-49.10,20723.89,1009.73,51088.61,13
2021-02-25 20:19:00,43.61,42.33,-49.15,20723.93,1008.94,51088.55,13
2021-02-25 20:20:00,43.59,42.35,-49.14,20724.85,1009.27,51088.62,13
2021-02-25 20:21:00,43.60,42.33,-49.10,20725.13,1008.94,51088.80,13
2021-02-25 20:22:00,43.60,42.34,-49.13,20724.58,1009.93,51089.02,13
2021-02-25 20:23:00,43.61,42.32,-49.11,20725.02,1009.22,51088.96,13
2021-02-25 20:24:00,43.60,42.33,-49.10,20724.62,1010.58,51089.07,13
2021-02-25 20:25:00,43.60,42.33,-49.10,20723.31,1010.34,51089.32,13
2021-02-25 20:26:00,43.59,42.33,-49.13,20722.88,1010.31,51089.39,13
2021-02-25 20:27:00,43.60,42.34,-49.10,20722.20,1009.97,51089.35,13
2021-02-25 20:28:00,43.60,42.34,-49.08,20721.67,1010.07,51089.16,13
2021-02-25 20:29:00,43.59,42.33,-49.07,20720.20,1010.89,51089.32,13
2021-02-25 20:30:00,43.60,42.34,-49.10,20719.56,1011.56,51089.42,13
2021-02-25 20:31:00,43.59,42.34,-49.12,20719.55,1012.12,51089.34,13
2021-02-25 20:32:00,43.60,42.34,-49.07,20719.70,1012.16,51089.48,13
2021-02-25 20:33:00,43.59,42.34,-49.16,20720.53,1012.70,51089.35,13
2021-02-25 20:34:00,43.60,42.34,-49.14,20718.82,1013.17,51089.34,13
2021-02-25 20:35:00,43.60,42.34,-49.11,20718.77,1014.44,51088.97,13
2021-02-25 20:36:00,43.60,42.34,-49.08,20719.18,1012.55,51089.26,13
2021-02-25 20:37:00,43.60,42.35,-49.10,20720.20,1012.45,51089.43,13
2021-02-25 20:38:00,43.60,42.34,-49.09,20718.93,1013.64,51089.72,13
2021-02-25 20:39:00,43.61,42.34,-49.05,20716.86,1016.19,51090.01,13
2021-02-25 20:40:00,43.60,42.35,-49.11,20716.79,1014.61,51089.69,13
2021-02-25 20:41:00,43.60,42.33,-49.09,20719.41,1013.43,51089.56,13
2021-02-25 20:42:00,43.61,42.34,-49.10,20720.58,1013.34,51089.73,13
2021-02-25 20:43:00,43.61,42.34,-49.11,20721.10,1012.91,51089.72,13
2021-02-25 20:44:00,43.60,42.33,-49.11,20721.98,1013.07,51089.98,13
2021-02-25 20:45:00,43.59,42.33,-49.13,20720.09,1014.41,51090.63,13
2021-02-25 20:46:00,43.59,42.34,-49.11,20723.15,1014.36,51090.38,13
2021-02-25 20:47:00,43.60,42.34,-49.11,20720.81,1017.31,51090.79,13
2021-02-25 20:48:00,43.59,42.34,-49.11,20721.25,1016.64,51090.59,13
2021-02-25 20:49:00,43.60,42.33,-49.08,20718.41,1016.86,51090.95,13
2021-02-25 20:50:00,43.61,42.35,-49.09,20721.24,1015.57,51090.84,13
2021-02-25 20:51:00,43.61,42.33,-49.10,20720.59,1015.14,51091.15,13
2021-02-25 20:52:00,43.62,42.33,-49.11,20722.95,1014.07,51091.32,13
2021-02-25 20:53:00,43.60,42.34,-49.11,20724.32,1014.07,51091.71,13
2021-02-25 20:54:00,43.60,42.34,-49.11,20727.23,1012.63,51091.74,13
2021-02-25 20:55:00,43.60,42.33,-49.11,20725.10,1014.31,51092.36,13
2021-02-25 20:56:00,43.60,42.34,-49.11,20723.40,1015.21,51092.58,13
2021-02-25 20:57:00,43.61,42.34,-49.08,20722.45,1017.42,51092.38,13
2021-02-25 20:58:00,43.60,42.34,-49.10,20720.81,1017.46,51092.49,13
2021-02-25 20:59:00,43.59,42.34,-49.15,20723.53,1016.15,51092.52,13
2021-02-25 21:00:00,43.60,42.34,-49.13,20727.67,1015.12,51092.72,13
2021-02-25 21:01:00,43.60,42.34,-49.15,20726.56,1017.94,51093.34,13
2021-02-25 21:02:00,43.60,42.34,-49.10,20724.49,1018.62,51093.44,13
2021-02-25 21:03:00,43.60,42.34,-49.13,20725.89,1020.04,51093.31,13
2021-02-25 21:04:00,43.59,42.33,-49.11,20726.71,1022.58,51093.33,13
2021-02-25 21:05:00,43.60,42.34,-49.10,20728.77,1022.64,51093.15,13
2021-02-25 21:06:00,43.59,42.34,-49.08,20728.53,1022.66,51093.39,13
2021-02-25 21:07:00,43.60,42.34,-49.12,20729.08,1022.51,51093.46,13
2021-02-25 21:08:00,43.60,42.34,-49.11,20731.01,1022.53,51093.69,13
2021-02-25 21:09:00,43.61,42.33,-49.10,20731.90,1022.06,51093.66,13
2021-02-25 21:10:00,43.58,42.33,-49.11,20733.25,1023.86,51093.95,13
2021-02-25 21:11:00,43.60,42.34,-49.09,20733.20,1025.48,51093.98,13
